id,food,Calories,Protein,Carbs,Fat,hourly_weighting
0,Cows' milk - 1 qt.,660.0,32.0,48.0,40.0,"{0: 1, 1: 0.2, 2: 0.9, 3: 0.3}"
1,Milk skim - 1 qt.,360.0,36.0,52.0,0.0,"{0: 1, 1: 0.2, 2: 0.9, 3: 0.3}"
2,Buttermilk - 1 cup,127.0,9.0,13.0,5.0,"{0: 1, 1: 0.2, 2: 0.9, 3: 0.3}"
3,"Evaporated, undiluted - 1 cup",345.0,16.0,24.0,20.0,"{0: 1, 1: 0.2, 2: 0.9, 3: 0.3}"
4,Fortified milk - 6 cups,1373.0,89.0,119.0,42.0,"{0: 1, 1: 0.2, 2: 0.9, 3: 0.3}"
5,Powdered milk - 1 cup,515.0,27.0,39.0,28.0,"{0: 1, 1: 0.2, 2: 0.9, 3: 0.3}"
6,"skim, instant - 1 1/3 cups",290.0,30.0,42.0,0.0,"{0: 1, 1: 0.2, 2: 0.9, 3: 0.3}"
7,"skim, non-instant - 2/3 cup",290.0,30.0,42.0,0.0,"{0: 1, 1: 0.2, 2: 0.9, 3: 0.3}"
8,Goats' milk - 1 cup,165.0,8.0,11.0,10.0,"{0: 1, 1: 0.2, 2: 0.9, 3: 0.3}"
9,(1/2 cup ice cream) - 2 cups,690.0,24.0,70.0,24.0,"{0: 1, 1: 0.2, 2: 0.9, 3: 0.3}"
10,Cocoa - 1 cup,235.0,8.0,26.0,11.0,"{0: 1, 1: 0.2, 2: 0.9, 3: 0.3}"
11,skim. milk - 1 cup,128.0,18.0,13.0,4.0,"{0: 1, 1: 0.2, 2: 0.9, 3: 0.3}"
12,(cornstarch) - 1 cup,275.0,9.0,40.0,10.0,"{0: 1, 1: 0.2, 2: 0.9, 3: 0.3}"
13,Custard - 1 cup,285.0,13.0,28.0,14.0,"{0: 1, 1: 0.2, 2: 0.9, 3: 0.3}"
14,Ice cream - 1 cup,300.0,6.0,29.0,18.0,"{0: 1, 1: 0.2, 2: 0.9, 3: 0.3}"
15,Ice milk - 1 cup,275.0,9.0,32.0,10.0,"{0: 1, 1: 0.2, 2: 0.9, 3: 0.3}"
16,Cream or half-and-half - 1/2 cup,170.0,4.0,5.0,15.0,"{0: 1, 1: 0.2, 2: 0.9, 3: 0.3}"
17,or whipping - 1/2 cup,430.0,2.0,3.0,44.0,"{0: 1, 1: 0.2, 2: 0.9, 3: 0.3}"
18,Cheese - 1 cup,240.0,30.0,6.0,11.0,"{0: 1, 1: 0.2, 2: 0.9, 3: 0.3}"
19,uncreamed - 1 cup,195.0,38.0,6.0,0.0,"{0: 1, 1: 0.2, 2: 0.9, 3: 0.3}"
20,Cheddar - 1-in. cube,70.0,4.0,0.0,6.0,"{0: 1, 1: 0.2, 2: 0.9, 3: 0.3}"
21,"Cheddar, grated cup - 1/2 cup",226.0,14.0,1.0,19.0,"{0: 1, 1: 0.2, 2: 0.9, 3: 0.3}"
22,Cream cheese - 1 oz.,105.0,2.0,1.0,11.0,"{0: 1, 1: 0.2, 2: 0.9, 3: 0.3}"
23,Processed cheese - 1 oz.,105.0,7.0,0.0,9.0,"{0: 1, 1: 0.2, 2: 0.9, 3: 0.3}"
24,Roquefort type - 1 oz.,105.0,6.0,0.0,9.0,"{0: 1, 1: 0.2, 2: 0.9, 3: 0.3}"
25,Swiss - 1 oz.,105.0,7.0,0.0,8.0,"{0: 1, 1: 0.2, 2: 0.9, 3: 0.3}"
26,Eggs raw - 2,150.0,12.0,0.0,12.0,"{0: 1, 1: 0.2, 2: 0.9, 3: 0.3}"
27,Eggs Scrambled or fried - 2,220.0,13.0,1.0,16.0,"{0: 1, 1: 0.2, 2: 0.9, 3: 0.3}"
28,Yolks - 2,120.0,6.0,0.0,10.0,"{0: 0.1, 1: 0.1, 2: 0.3, 3: 0.2}"
29,Butter - 1T.,100.0,0.0,0.0,11.0,"{0: 0.1, 1: 0.1, 2: 0.3, 3: 0.2}"
30,Butter - 1/2 cup,113.0,114.0,118.0,115.0,"{0: 0.1, 1: 0.1, 2: 0.3, 3: 0.2}"
31,Butter - 1/4 lb.,113.0,114.0,118.0,115.0,"{0: 0.1, 1: 0.1, 2: 0.3, 3: 0.2}"
32,Hydrogenated cooking fat - 1/2 cup,665.0,0.0,0.0,100.0,"{0: 0.1, 1: 0.1, 2: 0.3, 3: 0.2}"
33,Lard - 1/2 cup,992.0,0.0,0.0,110.0,"{0: 0.1, 1: 0.1, 2: 0.3, 3: 0.2}"
34,Margarine - 1/2 cup,806.0,0.0,0.0,91.0,"{0: 0.1, 1: 0.1, 2: 0.3, 3: 0.2}"
35,"Margarine, 2 pat or - 1 T.",100.0,0.0,0.0,11.0,"{0: 0.1, 1: 0.1, 2: 0.3, 3: 0.2}"
36,Mayonnaise - 1 T.,110.0,0.0,0.0,12.0,"{0: 0.1, 1: 0.1, 2: 0.3, 3: 0.2}"
37,Corn oil - 1 T.,125.0,0.0,0.0,14.0,"{0: 0.1, 1: 0.1, 2: 0.3, 3: 0.2}"
38,Olive oil - 1T.,125.0,0.0,0.0,14.0,"{0: 0.1, 1: 0.1, 2: 0.3, 3: 0.2}"
39,Safflower seed oil - 1 T.,125.0,0.0,0.0,14.0,"{0: 0.1, 1: 0.1, 2: 0.3, 3: 0.2}"
40,French dressing - 1 T.,60.0,0.0,2.0,6.0,"{0: 0.1, 1: 0.1, 2: 0.3, 3: 0.2}"
41,Thousand Island sauce - 1 T.,75.0,0.0,1.0,8.0,"{0: 0.1, 1: 0.1, 2: 0.3, 3: 0.2}"
42,Salt pork - 2 oz.,470.0,3.0,0.0,55.0,"{0: 0.0, 1: 0.9, 2: 0.0, 3: 0.6}"
43,Bacon - 2 slices,95.0,4.0,1.0,8.0,"{0: 0.0, 1: 0.9, 2: 0.0, 3: 0.6}"
44,Beef - 3 oz.,245.0,23.0,0.0,16.0,"{0: 0.0, 1: 0.9, 2: 0.0, 3: 0.6}"
45,Hamburger - 3 oz.,245.0,21.0,0.0,17.0,"{0: 0.0, 1: 0.9, 2: 0.0, 3: 0.6}"
46,Ground lean - 3 oz.,185.0,24.0,0.0,10.0,"{0: 0.0, 1: 0.9, 2: 0.0, 3: 0.6}"
47,Roast beef - 3 oz.,390.0,16.0,0.0,36.0,"{0: 0.0, 1: 0.9, 2: 0.0, 3: 0.6}"
48,Steak - 3 oz.,330.0,20.0,0.0,27.0,"{0: 0.0, 1: 0.9, 2: 0.0, 3: 0.6}"
49,"Steak, lean, as round - 3 oz.",220.0,24.0,0.0,12.0,"{0: 0.0, 1: 0.9, 2: 0.0, 3: 0.6}"
50,Corned beef - 3 oz.,185.0,22.0,0.0,10.0,"{0: 0.0, 1: 0.9, 2: 0.0, 3: 0.6}"
51,Corned beef hash canned - 3 oz.,120.0,12.0,6.0,8.0,"{0: 0.0, 1: 0.9, 2: 0.0, 3: 0.6}"
52,Corned beef hash Dried - 2 oz.,115.0,19.0,0.0,4.0,"{0: 0.0, 1: 0.9, 2: 0.0, 3: 0.6}"
53,Pot-pie - 1 pie,480.0,18.0,32.0,28.0,"{0: 0.0, 1: 0.9, 2: 0.0, 3: 0.6}"
54,Corned beef hash Stew - 1 cup,185.0,15.0,15.0,10.0,"{0: 0.0, 1: 0.9, 2: 0.0, 3: 0.6}"
55,chicken - 3 oz.,185.0,23.0,0.0,9.0,"{0: 0.0, 1: 0.9, 2: 0.0, 3: 0.6}"
56,"Fried, breast or leg and thigh chicken - 3 oz.",245.0,25.0,0.0,15.0,"{0: 0.0, 1: 0.9, 2: 0.0, 3: 0.6}"
57,Roasted chicken - 3 1/2 oz.,290.0,25.0,0.0,20.0,"{0: 0.0, 1: 0.9, 2: 0.0, 3: 0.6}"
58,"Chicken livers, fried - 3 med.",140.0,22.0,2.3,14.0,"{0: 0.0, 1: 0.9, 2: 0.0, 3: 0.6}"
59,"Duck, domestic - 3 1/2 oz.",370.0,16.0,0.0,28.0,"{0: 0.0, 1: 0.9, 2: 0.0, 3: 0.6}"
60,"Lamb, chop, broiled - 4 oz.",480.0,24.0,0.0,35.0,"{0: 0.0, 1: 0.9, 2: 0.0, 3: 0.6}"
61,Leg roasted - 3 oz.,314.0,20.0,0.0,14.0,"{0: 0.0, 1: 0.9, 2: 0.0, 3: 0.6}"
62,"Shoulder, braised - 3 oz.",285.0,18.0,0.0,23.0,"{0: 0.0, 1: 0.9, 2: 0.0, 3: 0.6}"
63,"Pork, chop, 1 thick - 3 1/2 oz.",260.0,16.0,0.0,21.0,"{0: 0.0, 1: 0.9, 2: 0.0, 3: 0.6}"
64,Ham pan-broiled - 3 oz.,290.0,16.0,0.0,22.0,"{0: 0.0, 1: 0.9, 2: 0.0, 3: 0.6}"
65,"Ham, as  - 2 oz.",170.0,13.0,0.0,13.0,"{0: 0.0, 1: 0.9, 2: 0.0, 3: 0.6}"
66,"Ham, canned, spiced - 2 oz.",165.0,8.0,1.0,14.0,"{0: 0.0, 1: 0.9, 2: 0.0, 3: 0.6}"
67,Pork roast - 3 oz.,310.0,21.0,0.0,24.0,"{0: 0.0, 1: 0.9, 2: 0.0, 3: 0.6}"
68,Pork sausage - 3 1/2 oz.,475.0,18.0,0.0,44.0,"{0: 0.0, 1: 0.9, 2: 0.0, 3: 0.6}"
69,Turkey - 3 1/2 oz.,265.0,27.0,0.0,15.0,"{0: 0.0, 1: 0.9, 2: 0.0, 3: 0.6}"
70,Veal - 3 oz.,185.0,23.0,0.0,9.0,"{0: 0.0, 1: 0.9, 2: 0.0, 3: 0.6}"
71,Roast - 3 oz.,305.0,13.0,0.0,14.0,"{0: 0.0, 1: 0.9, 2: 0.0, 3: 0.6}"
72,Clams - 3 oz.,87.0,12.0,2.0,1.0,"{0: 0.1, 1: 0.9, 2: 0.2, 3: 1.0}"
73,Cod - 3 1/2 oz.,170.0,28.0,0.0,5.0,"{0: 0.1, 1: 0.9, 2: 0.2, 3: 1.0}"
74,Crab meat - 3 oz.,90.0,14.0,1.0,2.0,"{0: 0.1, 1: 0.9, 2: 0.2, 3: 1.0}"
75,Fish sticks fried - 5,200.0,19.0,8.0,10.0,"{0: 0.1, 1: 0.9, 2: 0.2, 3: 1.0}"
76,Flounder - 3 1/2 oz.,200.0,30.0,0.0,8.0,"{0: 0.1, 1: 0.9, 2: 0.2, 3: 1.0}"
77,Haddock - 3 oz.,135.0,16.0,6.0,5.0,"{0: 0.1, 1: 0.9, 2: 0.2, 3: 1.0}"
78,Halibut - 3 1/2 oz.,182.0,26.0,0.0,8.0,"{0: 0.1, 1: 0.9, 2: 0.2, 3: 1.0}"
79,Herring - 1 small,211.0,22.0,0.0,13.0,"{0: 0.1, 1: 0.9, 2: 0.2, 3: 1.0}"
80,Lobster - aver.,92.0,18.0,0.0,1.0,"{0: 0.1, 1: 0.9, 2: 0.2, 3: 1.0}"
81,Mackerel - 3 oz.,155.0,18.0,0.0,9.0,"{0: 0.1, 1: 0.9, 2: 0.2, 3: 1.0}"
82,Oysters - 6-8 med.,231.0,232.0,236.0,233.0,"{0: 0.1, 1: 0.9, 2: 0.2, 3: 1.0}"
83,Oyster stew - 1 cup,125.0,19.0,0.0,6.0,"{0: 0.1, 1: 0.9, 2: 0.2, 3: 1.0}"
84,Salmon - 3 oz.,120.0,17.0,0.0,5.0,"{0: 0.1, 1: 0.9, 2: 0.2, 3: 1.0}"
85,Sardines - 3 oz.,180.0,22.0,0.0,9.0,"{0: 0.1, 1: 0.9, 2: 0.2, 3: 1.0}"
86,Scallops - 3 1/2 oz.,104.0,18.0,10.0,8.0,"{0: 0.1, 1: 0.9, 2: 0.2, 3: 1.0}"
87,Shad - 3 oz.,170.0,20.0,0.0,10.0,"{0: 0.1, 1: 0.9, 2: 0.2, 3: 1.0}"
88,Shrimp - 3 oz.,110.0,23.0,0.0,1.0,"{0: 0.1, 1: 0.9, 2: 0.2, 3: 1.0}"
89,Swordfish - 1 steak,180.0,27.0,0.0,6.0,"{0: 0.1, 1: 0.9, 2: 0.2, 3: 1.0}"
90,Tuna - 3 oz.,170.0,25.0,0.0,7.0,"{0: 0.1, 1: 0.9, 2: 0.2, 3: 1.0}"
91,Artichoke - 1 large,44.0,2.0,10.0,0.0,"{0: 0.1, 1: 0.9, 2: 0.2, 3: 0.8}"
92,Asparagus - 6 spears,18.0,1.0,3.0,0.0,"{0: 0.1, 1: 0.9, 2: 0.2, 3: 0.8}"
93,Beans - 1 cup,25.0,1.0,6.0,0.0,"{0: 0.1, 1: 0.9, 2: 0.2, 3: 0.8}"
94,Lima - 1 cup,140.0,8.0,24.0,0.0,"{0: 0.1, 1: 0.9, 2: 0.2, 3: 0.8}"
95,"Lima, dry, cooked - 1 cup",260.0,16.0,48.0,0.0,"{0: 0.1, 1: 0.9, 2: 0.2, 3: 0.8}"
96,"Navy, baked with pork - 3/4 cup",250.0,11.0,37.0,6.0,"{0: 0.1, 1: 0.9, 2: 0.2, 3: 0.8}"
97,Red kidney - 1 cup,230.0,15.0,42.0,1.0,"{0: 0.1, 1: 0.9, 2: 0.2, 3: 0.8}"
98,Bean sprouts - 1 cup,17.0,1.0,3.0,0.0,"{0: 0.1, 1: 0.9, 2: 0.2, 3: 0.8}"
99,Beet greens - 1 cup,27.0,2.0,6.0,0.0,"{0: 0.1, 1: 0.9, 2: 0.2, 3: 0.8}"
100,Beetroots - 1 cup,1.0,12.0,0.8,0.0,"{0: 0.1, 1: 0.9, 2: 0.2, 3: 0.8}"
101,Broccoli - 1 cup,45.0,5.0,8.0,0.0,"{0: 0.1, 1: 0.9, 2: 0.2, 3: 0.8}"
102,Brussels sprouts - 1 cup,60.0,6.0,12.0,0.0,"{0: 0.1, 1: 0.9, 2: 0.2, 3: 0.8}"
103,Sauerkraut - 1 cup,32.0,1.0,7.0,0.0,"{0: 0.1, 1: 0.9, 2: 0.2, 3: 0.8}"
104,Steamed cabbage - 1 cup,40.0,2.0,9.0,0.0,"{0: 0.1, 1: 0.9, 2: 0.2, 3: 0.8}"
105,Carrots - 1 cup,45.0,1.0,10.0,0.0,"{0: 0.1, 1: 0.9, 2: 0.2, 3: 0.8}"
106,"Raw, grated - 1 cup",45.0,1.0,10.0,0.0,"{0: 0.1, 1: 0.9, 2: 0.2, 3: 0.8}"
107,"Strips, from raw - 1 mad.",20.0,0.0,5.0,0.0,"{0: 0.1, 1: 0.9, 2: 0.2, 3: 0.8}"
108,Cauliflower - 1 cup,30.0,3.0,6.0,0.0,"{0: 0.1, 1: 0.9, 2: 0.2, 3: 0.8}"
109,Celery - 1 cup,20.0,1.0,4.0,0.0,"{0: 0.1, 1: 0.9, 2: 0.2, 3: 0.8}"
110,Stalk raw - 1 large,5.0,1.0,1.0,0.0,"{0: 0.1, 1: 0.9, 2: 0.2, 3: 0.8}"
111,Chard steamed - 1 cup,30.0,2.0,7.0,0.0,"{0: 0.1, 1: 0.9, 2: 0.2, 3: 0.8}"
112,Collards - 1 cup,51.0,5.0,8.0,0.0,"{0: 0.1, 1: 0.9, 2: 0.2, 3: 0.8}"
113,Corn - 1 ear,92.0,3.0,21.0,1.0,"{0: 0.1, 1: 0.9, 2: 0.2, 3: 0.8}"
114,cooked or canned - 1 cup,170.0,5.0,41.0,0.0,"{0: 0.1, 1: 0.9, 2: 0.2, 3: 0.8}"
115,Cucumbers - 8,6.0,0.0,1.0,0.0,"{0: 0.1, 1: 0.9, 2: 0.2, 3: 0.8}"
116,Dandelion greens - 1 cup,80.0,5.0,16.0,1.0,"{0: 0.1, 1: 0.9, 2: 0.2, 3: 0.8}"
117,Eggplant - 1 cup,30.0,2.0,9.0,0.0,"{0: 0.1, 1: 0.9, 2: 0.2, 3: 0.8}"
118,Endive - 2 oz.,10.0,1.0,2.0,0.0,"{0: 0.1, 1: 0.9, 2: 0.2, 3: 0.8}"
119,Kale - 1 cup,45.0,4.0,8.0,1.0,"{0: 0.1, 1: 0.9, 2: 0.2, 3: 0.8}"
120,Kohlrabi - 1 cup,40.0,2.0,9.0,0.0,"{0: 0.1, 1: 0.9, 2: 0.2, 3: 0.8}"
121,"Lambs quarters, steamed - 1 cup",48.0,5.0,7.0,0.0,"{0: 0.1, 1: 0.9, 2: 0.2, 3: 0.8}"
122,Lentils - 1 cup,212.0,15.0,38.0,0.0,"{0: 0.1, 1: 0.9, 2: 0.2, 3: 0.8}"
123,Lettuce - 1/4 head,14.0,1.0,2.0,0.0,"{0: 0.1, 1: 0.9, 2: 0.2, 3: 0.8}"
124,Iceberg - 1/4 head,13.0,0.0,3.0,0.0,"{0: 0.1, 1: 0.9, 2: 0.2, 3: 0.8}"
125,Mushrooms canned - 4,12.0,2.0,4.0,0.0,"{0: 0.1, 1: 0.9, 2: 0.2, 3: 0.8}"
126,Mustard greens - 1,30.0,3.0,6.0,0.0,"{0: 0.1, 1: 0.9, 2: 0.2, 3: 0.8}"
127,Okra - 1 1/3 cups,32.0,1.0,7.0,0.0,"{0: 0.1, 1: 0.9, 2: 0.2, 3: 0.8}"
128,Onions - 1,80.0,2.0,18.0,0.0,"{0: 0.1, 1: 0.9, 2: 0.2, 3: 0.8}"
129,"Raw, green - 6 small",22.0,0.0,5.0,0.0,"{0: 0.1, 1: 0.9, 2: 0.2, 3: 0.8}"
130,Parsley - 2 T.,2.0,0.0,0.0,0.0,"{0: 0.1, 1: 0.9, 2: 0.2, 3: 0.8}"
131,Parsnips - 1 cup,95.0,2.0,22.0,1.0,"{0: 0.1, 1: 0.9, 2: 0.2, 3: 0.8}"
132,Peas - 1 cup,66.0,3.0,13.0,0.0,"{0: 0.1, 1: 0.9, 2: 0.2, 3: 0.8}"
133,"Fresh, steamed peas - 1 cup",70.0,5.0,12.0,0.0,"{0: 0.1, 1: 0.9, 2: 0.2, 3: 0.8}"
134,Frozen peas - 1 cup,0.0,5.0,12.0,0.0,"{0: 0.1, 1: 0.9, 2: 0.2, 3: 0.8}"
135,Split cooked peas - 4 cups,115.0,8.0,21.0,0.0,"{0: 0.1, 1: 0.9, 2: 0.2, 3: 0.8}"
136,heated peas - 1 cup,53.0,3.0,10.0,0.0,"{0: 0.1, 1: 0.9, 2: 0.2, 3: 0.8}"
137,Peppers canned - 1 pod,10.0,0.0,2.0,0.0,"{0: 0.1, 1: 0.9, 2: 0.2, 3: 0.8}"
138,"Peppers Raw, green, sweet - 1 large",25.0,1.0,6.0,0.0,"{0: 0.1, 1: 0.9, 2: 0.2, 3: 0.8}"
139,Peppers with beef and crumbs - 1 med.,255.0,19.0,24.0,9.0,"{0: 0.1, 1: 0.9, 2: 0.2, 3: 0.8}"
140,"Potatoes, baked - 1 med.",100.0,2.0,22.0,0.0,"{0: 0.1, 1: 0.9, 2: 0.2, 3: 0.8}"
141,French-fried - 10 pieces,155.0,-1.0,20.0,7.0,"{0: 0.1, 1: 0.9, 2: 0.2, 3: 0.8}"
142,Potatoes Mashed with milk and butter - 1 cup,230.0,4.0,28.0,12.0,"{0: 0.1, 1: 0.9, 2: 0.2, 3: 0.8}"
143,"Potatoes, pan-tried - 3/4 cup",268.0,4.0,33.0,14.0,"{0: 0.1, 1: 0.9, 2: 0.2, 3: 0.8}"
144,Scalloped with cheese potatoes - 3/4 cup,145.0,6.0,14.0,8.0,"{0: 0.1, 1: 0.9, 2: 0.2, 3: 0.8}"
145,Steamed potatoes before peeling - 1 med.,80.0,2.0,19.0,0.0,"{0: 0.1, 1: 0.9, 2: 0.2, 3: 0.8}"
146,Potato chips - 10,110.0,1.0,10.0,7.0,"{0: 0.1, 1: 0.9, 2: 0.2, 3: 0.8}"
147,Radishes - 5 small,10.0,0.0,2.0,0.0,"{0: 0.1, 1: 0.9, 2: 0.2, 3: 0.8}"
148,Rutabagas - 4 cups,32.0,0.0,8.0,0.0,"{0: 0.1, 1: 0.9, 2: 0.2, 3: 0.8}"
149,Soybeans - 1 cup,260.0,22.0,20.0,11.0,"{0: 0.1, 1: 0.9, 2: 0.2, 3: 0.8}"
150,Spinach - 1 cup,26.0,3.0,3.0,0.0,"{0: 0.1, 1: 0.9, 2: 0.2, 3: 0.8}"
151,Squash - 1 cup,35.0,1.0,8.0,0.0,"{0: 0.1, 1: 0.9, 2: 0.2, 3: 0.8}"
152,"Winter, mashed - 1 cup",95.0,4.0,23.0,0.0,"{0: 0.1, 1: 0.9, 2: 0.2, 3: 0.8}"
153,Sweet potatoes - 1 med.,155.0,2.0,36.0,1.0,"{0: 0.1, 1: 0.9, 2: 0.2, 3: 0.8}"
154,Candied - 1 med.,235.0,2.0,80.0,6.0,"{0: 0.1, 1: 0.9, 2: 0.2, 3: 0.8}"
155,Tomatoes - 1 cup,50.0,2.0,9.0,0.0,"{0: 0.1, 1: 0.9, 2: 0.2, 3: 0.8}"
156,"Raw, 2 by 2 1/2 - 1 med.",30.0,1.0,6.0,0.0,"{0: 0.1, 1: 0.9, 2: 0.2, 3: 0.8}"
157,Tomato juice - 1 cup,50.0,2.0,10.0,0.0,"{0: 0.1, 1: 0.9, 2: 0.2, 3: 0.8}"
158,Tomato catsup - 1 T.,15.0,0.0,4.0,0.0,"{0: 0.1, 1: 0.9, 2: 0.2, 3: 0.8}"
159,Turnip greens - 1 cup,45.0,4.0,8.0,1.0,"{0: 0.1, 1: 0.9, 2: 0.2, 3: 0.8}"
160,"Turnips, steamed - 1 cup",40.0,1.0,9.0,0.0,"{0: 0.1, 1: 0.9, 2: 0.2, 3: 0.8}"
161,"Watercress stems, raw - 1 cup",9.0,1.0,1.0,0.0,"{0: 1, 1: 0.2, 2: 0.9, 3: 0.3}"
162,Apple juice canned - 1 cup,125.0,0.0,34.0,0.0,"{0: 1, 1: 0.2, 2: 0.9, 3: 0.3}"
163,Apple vinegar - 1/3 cup,14.0,0.0,3.0,0.0,"{0: 1, 1: 0.2, 2: 0.9, 3: 0.3}"
164,"Apples, raw - 1 med",70.0,0.0,18.0,0.0,"{0: 1, 1: 0.2, 2: 0.9, 3: 0.3}"
165,Stewed or canned - 1 cup,100.0,0.0,26.0,0.0,"{0: 1, 1: 0.2, 2: 0.9, 3: 0.3}"
166,Apricots - 1 cup,220.0,2.0,57.0,0.0,"{0: 1, 1: 0.2, 2: 0.9, 3: 0.3}"
167,"Dried, uncooked - 1/2 cup",220.0,4.0,50.0,0.0,"{0: 1, 1: 0.2, 2: 0.9, 3: 0.3}"
168,Fresh - 3 med.,55.0,1.0,14.0,0.0,"{0: 1, 1: 0.2, 2: 0.9, 3: 0.3}"
169,"Nectar, or juice - 1 cup",140.0,1.0,36.0,0.0,"{0: 1, 1: 0.2, 2: 0.9, 3: 0.3}"
170,Avocado - 1/2 large,185.0,2.0,6.0,18.0,"{0: 1, 1: 0.2, 2: 0.9, 3: 0.3}"
171,Banana - 1 med.,85.0,1.0,23.0,0.0,"{0: 1, 1: 0.2, 2: 0.9, 3: 0.3}"
172,Blackberries - 1 cup,85.0,2.0,19.0,1.0,"{0: 1, 1: 0.2, 2: 0.9, 3: 0.3}"
173,Blueberries - 1 cup,245.0,1.0,65.0,0.0,"{0: 1, 1: 0.2, 2: 0.9, 3: 0.3}"
174,Cantaloupe - 1/2 med.,40.0,1.0,9.0,0.0,"{0: 1, 1: 0.2, 2: 0.9, 3: 0.3}"
175,Cherries - 1 cup,100.0,2.0,26.0,1.0,"{0: 1, 1: 0.2, 2: 0.9, 3: 0.3}"
176,"Fresh, raw - 1 cup",65.0,1.0,15.0,0.0,"{0: 1, 1: 0.2, 2: 0.9, 3: 0.3}"
177,Cranberry sauce sweetened - 1 cup,530.0,0.0,142.0,0.0,"{0: 1, 1: 0.2, 2: 0.9, 3: 0.3}"
178,Dates - 1 cup,505.0,4.0,134.0,0.0,"{0: 1, 1: 0.2, 2: 0.9, 3: 0.3}"
179,Figs - 2,120.0,2.0,30.0,0.0,"{0: 1, 1: 0.2, 2: 0.9, 3: 0.3}"
180,"Fresh, raw figs - 3 med.",90.0,2.0,22.0,0.0,"{0: 1, 1: 0.2, 2: 0.9, 3: 0.3}"
181,figs Canned with syrup  - 3,130.0,1.0,32.0,0.0,"{0: 1, 1: 0.2, 2: 0.9, 3: 0.3}"
182,"Fruit cocktail, canned - 1 cup",195.0,1.0,50.0,0.0,"{0: 1, 1: 0.2, 2: 0.9, 3: 0.3}"
183,Grapefruit sections - 1 cup,170.0,1.0,44.0,0.0,"{0: 1, 1: 0.2, 2: 0.9, 3: 0.3}"
184,"Grapefruit, fresh, 5"" diameter - 1/2",50.0,1.0,14.0,0.0,"{0: 1, 1: 0.2, 2: 0.9, 3: 0.3}"
185,Grapefruit juice - 1 cup,100.0,1.0,24.0,0.0,"{0: 1, 1: 0.2, 2: 0.9, 3: 0.3}"
186,Grapes - 1 cup,70.0,1.0,16.0,0.0,"{0: 1, 1: 0.2, 2: 0.9, 3: 0.3}"
187,"European, as Muscat, Tokay - 1 cup",100.0,1.0,26.0,0.0,"{0: 1, 1: 0.2, 2: 0.9, 3: 0.3}"
188,Grape juice - 1 cup,160.0,1.0,42.0,0.0,"{0: 1, 1: 0.2, 2: 0.9, 3: 0.3}"
189,Lemon juice - 1/2 cup,30.0,0.0,10.0,0.0,"{0: 1, 1: 0.2, 2: 0.9, 3: 0.3}"
190,Lemonade concentratefrozen - 6-oz. can,430.0,0.0,112.0,0.0,"{0: 1, 1: 0.2, 2: 0.9, 3: 0.3}"
191,Limeade concentrate frozen - 6-oz. can,405.0,0.0,108.0,0.0,"{0: 1, 1: 0.2, 2: 0.9, 3: 0.3}"
192,Olives large - 10,72.0,1.0,3.0,10.0,"{0: 1, 1: 0.2, 2: 0.9, 3: 0.3}"
193,OlivesRipe - 10,105.0,1.0,1.0,13.0,"{0: 1, 1: 0.2, 2: 0.9, 3: 0.3}"
194,"Oranges 3"" diameter - 1 med.",60.0,2.0,16.0,0.0,"{0: 1, 1: 0.2, 2: 0.9, 3: 0.3}"
195,Orange juice - 8 oz. or,112.0,2.0,25.0,0.0,"{0: 1, 1: 0.2, 2: 0.9, 3: 0.3}"
196,Frozen  - 6-oz. can,330.0,2.0,78.0,0.0,"{0: 1, 1: 0.2, 2: 0.9, 3: 0.3}"
197,Papaya - 1/2 med.,75.0,1.0,18.0,0.0,"{0: 1, 1: 0.2, 2: 0.9, 3: 0.3}"
198,Peaches - 1 cup,200.0,1.0,52.0,0.0,"{0: 1, 1: 0.2, 2: 0.9, 3: 0.3}"
199,"Fresh, raw - 1 med.",35.0,1.0,10.0,0.0,"{0: 1, 1: 0.2, 2: 0.9, 3: 0.3}"
200,Pears - 1 cup,195.0,1.0,50.0,0.0,"{0: 1, 1: 0.2, 2: 0.9, 3: 0.3}"
201,"Raw, 3 by 2V - 1 med.",100.0,1.0,25.0,1.0,"{0: 1, 1: 0.2, 2: 0.9, 3: 0.3}"
202,Persimmons - 1 med.,75.0,1.0,20.0,0.0,"{0: 1, 1: 0.2, 2: 0.9, 3: 0.3}"
203,Pineapple - 1 large slice,95.0,0.0,26.0,0.0,"{0: 1, 1: 0.2, 2: 0.9, 3: 0.3}"
204,Pineapple Crushed - 1 cup,205.0,1.0,55.0,0.0,"{0: 1, 1: 0.2, 2: 0.9, 3: 0.3}"
205,"Raw, diced - 1 cup",75.0,1.0,19.0,0.0,"{0: 1, 1: 0.2, 2: 0.9, 3: 0.3}"
206,Pineapple juice - 1 cup,120.0,1.0,32.0,0.0,"{0: 1, 1: 0.2, 2: 0.9, 3: 0.3}"
207,Plums - 1 cup,185.0,1.0,50.0,0.0,"{0: 1, 1: 0.2, 2: 0.9, 3: 0.3}"
208,"Raw, 2"" diameter - 1",30.0,0.0,7.0,0.0,"{0: 1, 1: 0.2, 2: 0.9, 3: 0.3}"
209,Prunes - 1 cup,300.0,3.0,81.0,1.0,"{0: 1, 1: 0.2, 2: 0.9, 3: 0.3}"
210,Prune juice - 1 cup,170.0,1.0,45.0,0.0,"{0: 1, 1: 0.2, 2: 0.9, 3: 0.3}"
211,Raisins - 1/2 cup,230.0,2.0,82.0,0.0,"{0: 1, 1: 0.2, 2: 0.9, 3: 0.3}"
212,Raspberries - 1/2 cup,100.0,0.0,25.0,0.0,"{0: 1, 1: 0.2, 2: 0.9, 3: 0.3}"
213,"Raw, red - 3/4 cup",57.0,0.0,14.0,0.0,"{0: 1, 1: 0.2, 2: 0.9, 3: 0.3}"
214,Rhubarb sweetened - 1 cup,385.0,1.0,98.0,0.0,"{0: 1, 1: 0.2, 2: 0.9, 3: 0.3}"
215,Strawberries - 1 cup,242.0,1.0,60.0,0.0,"{0: 1, 1: 0.2, 2: 0.9, 3: 0.3}"
216,Raw - 1 cup,54.0,0.0,12.0,0.0,"{0: 1, 1: 0.2, 2: 0.9, 3: 0.3}"
217,Tangerines - I med.,40.0,1.0,10.0,0.0,"{0: 1, 1: 0.2, 2: 0.9, 3: 0.3}"
218,Watermelon - 1 wedge,120.0,2.0,29.0,1.0,"{0: 1, 1: 0.2, 2: 0.9, 3: 0.3}"
219,Biscuits - 1,130.0,3.0,18.0,4.0,"{0: 1, 1: 0.2, 2: 0.9, 3: 0.3}"
220,Bran flakes - 1 cup,117.0,3.0,32.0,0.0,"{0: 1, 1: 0.2, 2: 0.9, 3: 0.3}"
221,"Bread, cracked wheat - 1 slice",60.0,2.0,12.0,1.0,"{0: 1, 1: 0.2, 2: 0.9, 3: 0.3}"
222,Rye - 1 slice,55.0,2.0,12.0,1.0,"{0: 1, 1: 0.2, 2: 0.9, 3: 0.3}"
223,"White, 20 slices, or - 1-lb. loaf",1225.0,39.0,229.0,15.0,"{0: 1, 1: 0.2, 2: 0.9, 3: 0.3}"
224,Whole-wheat - 1-lb. loaf,1100.0,48.0,216.0,14.0,"{0: 1, 1: 0.2, 2: 0.9, 3: 0.3}"
225,Whole-wheat - 1 slice,55.0,2.0,11.0,1.0,"{0: 1, 1: 0.2, 2: 0.9, 3: 0.3}"
226,Corn bread ground meal - 1 serving,100.0,3.0,15.0,4.0,"{0: 1, 1: 0.2, 2: 0.9, 3: 0.3}"
227,Cornflakes - 1 cup,110.0,2.0,25.0,0.0,"{0: 1, 1: 0.2, 2: 0.9, 3: 0.3}"
228,Corn grits cooked - 1 cup,120.0,8.0,27.0,0.0,"{0: 1, 1: 0.2, 2: 0.9, 3: 0.3}"
229,Corn meal - 1 cup,360.0,9.0,74.0,4.0,"{0: 1, 1: 0.2, 2: 0.9, 3: 0.3}"
230,Crackers - 2 med.,55.0,1.0,10.0,1.0,"{0: 1, 1: 0.2, 2: 0.9, 3: 0.3}"
231,"Soda, 2 1/2 square - 2",45.0,1.0,8.0,1.0,"{0: 1, 1: 0.2, 2: 0.9, 3: 0.3}"
232,Farina - 1 cup,105.0,3.0,22.0,0.0,"{0: 1, 1: 0.2, 2: 0.9, 3: 0.3}"
233,Flour - 1 cup,460.0,39.0,33.0,22.0,"{0: 1, 1: 0.2, 2: 0.9, 3: 0.3}"
234,Wheat (all purpose) - 1 cup,400.0,12.0,84.0,1.0,"{0: 1, 1: 0.2, 2: 0.9, 3: 0.3}"
235,Wheat (whole) - 1 cup,390.0,13.0,79.0,2.0,"{0: 1, 1: 0.2, 2: 0.9, 3: 0.3}"
236,Macaroni - 1 cup,155.0,5.0,32.0,1.0,"{0: 1, 1: 0.2, 2: 0.9, 3: 0.3}"
237,Baked with cheese - 1 cup,475.0,18.0,44.0,25.0,"{0: 1, 1: 0.2, 2: 0.9, 3: 0.3}"
238,Muffins - 1,135.0,4.0,19.0,5.0,"{0: 1, 1: 0.2, 2: 0.9, 3: 0.3}"
239,Noodles - 1 cup,200.0,7.0,37.0,2.0,"{0: 1, 1: 0.2, 2: 0.9, 3: 0.3}"
240,Oatmeal - 1 cup,150.0,5.0,26.0,3.0,"{0: 1, 1: 0.2, 2: 0.9, 3: 0.3}"
241,"Pancakes 4"" diam. - 4",250.0,7.0,28.0,9.0,"{0: 1, 1: 0.2, 2: 0.9, 3: 0.3}"
242,"Wheat, pancakes 4"" diam. - 4",250.0,7.0,28.0,9.0,"{0: 1, 1: 0.2, 2: 0.9, 3: 0.3}"
243,"Pizza 14"" diam. - 1 section",180.0,8.0,23.0,6.0,"{0: 1, 1: 0.2, 2: 0.9, 3: 0.3}"
244,Popcorn salted - 2 cups,152.0,3.0,20.0,7.0,"{0: 1, 1: 0.2, 2: 0.9, 3: 0.3}"
245,Puffed rice - 1 cup,55.0,0.0,12.0,0.0,"{0: 1, 1: 0.2, 2: 0.9, 3: 0.3}"
246,Puffed wheat presweetened - 1 cup,105.0,1.0,26.0,0.0,"{0: 1, 1: 0.2, 2: 0.9, 3: 0.3}"
247,Rice - 1 cup,748.0,15.0,154.0,3.0,"{0: 1, 1: 0.2, 2: 0.9, 3: 0.3}"
248,Converted - 1 cup,677.0,14.0,142.0,0.0,"{0: 1, 1: 0.2, 2: 0.9, 3: 0.3}"
249,White - 1 cup,692.0,14.0,150.0,0.0,"{0: 1, 1: 0.2, 2: 0.9, 3: 0.3}"
250,Rice flakes - 1 cup,115.0,2.0,26.0,0.0,"{0: 1, 1: 0.2, 2: 0.9, 3: 0.3}"
251,Rice polish - 1/2 cup,132.0,6.0,28.0,6.0,"{0: 1, 1: 0.2, 2: 0.9, 3: 0.3}"
252,Rolls - 1 large,411.0,3.0,23.0,12.0,"{0: 1, 1: 0.2, 2: 0.9, 3: 0.3}"
253,of refined flour - 1,115.0,3.0,20.0,2.0,"{0: 1, 1: 0.2, 2: 0.9, 3: 0.3}"
254,whole-wheat - 1,102.0,4.0,20.0,1.0,"{0: 1, 1: 0.2, 2: 0.9, 3: 0.3}"
255,Spaghetti with meat sauce - 1 cup,285.0,13.0,35.0,10.0,"{0: 1, 1: 0.2, 2: 0.9, 3: 0.3}"
256,with tomatoes and cheese - 1 cup,210.0,6.0,36.0,5.0,"{0: 1, 1: 0.2, 2: 0.9, 3: 0.3}"
257,Spanish rice - 1 cup,217.0,4.0,40.0,4.0,"{0: 1, 1: 0.2, 2: 0.9, 3: 0.3}"
258,Shredded wheat biscuit - 1,100.0,3.0,23.0,1.0,"{0: 1, 1: 0.2, 2: 0.9, 3: 0.3}"
259,Waffles - 1,240.0,8.0,30.0,9.0,"{0: 1, 1: 0.2, 2: 0.9, 3: 0.3}"
260,Wheat germ - 1 cup,245.0,17.0,34.0,7.0,"{0: 1, 1: 0.2, 2: 0.9, 3: 0.3}"
261,Wheat-germ cereal toasted - 1 cup,260.0,20.0,36.0,7.0,"{0: 1, 1: 0.2, 2: 0.9, 3: 0.3}"
262,Wheat meal cereal unrefined - 3/4 cup,103.0,4.0,25.0,1.0,"{0: 1, 1: 0.2, 2: 0.9, 3: 0.3}"
263,"Wheat, cooked - 3/4 cup",275.0,12.0,35.0,1.0,"{0: 1, 1: 0.2, 2: 0.9, 3: 0.3}"
264,Bean soups - 1 cup,190.0,8.0,30.0,5.0,"{0: 0.0, 1: 0.1, 2: 0.0, 3: 0.1}"
265,Beef soup - 1 cup,100.0,6.0,11.0,4.0,"{0: 0.0, 1: 0.1, 2: 0.0, 3: 0.1}"
266,Bouillon - 1 cup,24.0,5.0,0.0,0.0,"{0: 0.0, 1: 0.1, 2: 0.0, 3: 0.1}"
267,chicken soup - 1 cup,75.0,4.0,10.0,2.0,"{0: 0.0, 1: 0.1, 2: 0.0, 3: 0.1}"
268,Clam chowder - 1 cup,85.0,5.0,12.0,2.0,"{0: 0.0, 1: 0.1, 2: 0.0, 3: 0.1}"
269,Cream soups - 1 cup,200.0,7.0,18.0,12.0,"{0: 0.0, 1: 0.1, 2: 0.0, 3: 0.1}"
270,Noodle - 1 cup,115.0,6.0,13.0,4.0,"{0: 0.0, 1: 0.1, 2: 0.0, 3: 0.1}"
271,Split-pea soup - 1 cup,147.0,8.0,25.0,3.0,"{0: 0.0, 1: 0.1, 2: 0.0, 3: 0.1}"
272,Tomato soup - 1 cup,175.0,6.0,22.0,7.0,"{0: 0.0, 1: 0.1, 2: 0.0, 3: 0.1}"
273,Vegetable - 1 cup,80.0,4.0,14.0,2.0,"{0: 0.0, 1: 0.1, 2: 0.0, 3: 0.1}"
274,Apple betty - 1 serving,150.0,1.0,29.0,4.0,"{0: 0, 1: 0.3, 2: 0.1, 3: 0.3}"
275,Bread pudding - 3/4 cup,374.0,11.0,56.0,12.0,"{0: 0, 1: 0.3, 2: 0.1, 3: 0.3}"
276,Cakes - 1 slice,110.0,3.0,23.0,0.0,"{0: 0, 1: 0.3, 2: 0.1, 3: 0.3}"
277,Chocolate fudge - 1 slice,420.0,5.0,70.0,14.0,"{0: 0, 1: 0.3, 2: 0.1, 3: 0.3}"
278,Cupcake - 1,160.0,3.0,31.0,3.0,"{0: 0, 1: 0.3, 2: 0.1, 3: 0.3}"
279,Fruit cake - 1 slice,105.0,2.0,17.0,4.0,"{0: 0, 1: 0.3, 2: 0.1, 3: 0.3}"
280,Gingerbread - 1 slice,180.0,2.0,28.0,7.0,"{0: 0, 1: 0.3, 2: 0.1, 3: 0.3}"
281,"Plain, with no icing - 1 slice",180.0,4.0,31.0,5.0,"{0: 0, 1: 0.3, 2: 0.1, 3: 0.3}"
282,Sponge cake - 1 slice,115.0,3.0,22.0,2.0,"{0: 0, 1: 0.3, 2: 0.1, 3: 0.3}"
283,Candy - 5,104.0,0.0,19.0,3.0,"{0: 0, 1: 0.3, 2: 0.1, 3: 0.3}"
284,Chocolate creams - 2,130.0,0.0,24.0,4.0,"{0: 0, 1: 0.3, 2: 0.1, 3: 0.3}"
285,Fudge - 2 pieces,370.0,0.0,80.0,12.0,"{0: 0, 1: 0.3, 2: 0.1, 3: 0.3}"
286,Hard candies - 1 oz.,90.0,0.0,28.0,0.0,"{0: 0, 1: 0.3, 2: 0.1, 3: 0.3}"
287,Marshmallows - 5,98.0,1.0,23.0,0.0,"{0: 0, 1: 0.3, 2: 0.1, 3: 0.3}"
288,Milk chocolate - 2-oz. bar,290.0,2.0,44.0,6.0,"{0: 0, 1: 0.3, 2: 0.1, 3: 0.3}"
289,Chocolate syrup - 2 T.,80.0,0.0,22.0,0.0,"{0: 0, 1: 0.3, 2: 0.1, 3: 0.3}"
290,Doughnuts - 1,135.0,2.0,17.0,7.0,"{0: 0, 1: 0.3, 2: 0.1, 3: 0.3}"
291,"Gelatin, made with water - 1 cup",155.0,4.0,36.0,0.0,"{0: 0, 1: 0.3, 2: 0.1, 3: 0.3}"
292,Honey - 2 T.,120.0,0.0,30.0,0.0,"{0: 0.0, 1: 0.1, 2: 0.3, 3: 0.1}"
293,Ice cream - 2 cups,250.0,0.0,0.0,0.0,"{0: 0, 1: 0.3, 2: 0.1, 3: 0.3}"
294,Ices - 1 cup,117.0,0.0,48.0,0.0,"{0: 0, 1: 0.3, 2: 0.1, 3: 0.3}"
295,preserves - 1 T.,55.0,0.0,14.0,0.0,"{0: 0.0, 1: 0.1, 2: 0.3, 3: 0.1}"
296,Jellies - 1 T.,50.0,0.0,13.0,0.0,"{0: 0.0, 1: 0.1, 2: 0.3, 3: 0.1}"
297,Molasses - 1 T.,45.0,0.0,11.0,0.0,"{0: 0.0, 1: 0.1, 2: 0.3, 3: 0.1}"
298,Cane Syrup - 1 T.,50.0,0.0,13.0,0.0,"{0: 0.0, 1: 0.1, 2: 0.3, 3: 0.1}"
299,"9"" diam. pie - 1 slice",330.0,3.0,53.0,13.0,"{0: 0, 1: 0.3, 2: 0.1, 3: 0.3}"
300,Cherry Pie - 1 slice,340.0,3.0,55.0,13.0,"{0: 0, 1: 0.3, 2: 0.1, 3: 0.3}"
301,Custard - 1 slice,265.0,7.0,34.0,11.0,"{0: 0, 1: 0.3, 2: 0.1, 3: 0.3}"
302,Lemon meringue - 1 slice,300.0,4.0,45.0,12.0,"{0: 0, 1: 0.3, 2: 0.1, 3: 0.3}"
303,Mince - 1 slice,340.0,3.0,62.0,9.0,"{0: 0, 1: 0.3, 2: 0.1, 3: 0.3}"
304,Pumpkin Pie - 1 slice,265.0,5.0,34.0,12.0,"{0: 0, 1: 0.3, 2: 0.1, 3: 0.3}"
305,Puddings Sugar - 1 cup,770.0,0.0,199.0,0.0,"{0: 0, 1: 0.3, 2: 0.1, 3: 0.3}"
306,3 teaspoons sugar - 1 T.,50.0,0.0,12.0,0.0,"{0: 0, 1: 0.3, 2: 0.1, 3: 0.3}"
307,"Brown, firm-packed, dark sugar - 1 cup",815.0,0.0,210.0,0.0,"{0: 0.0, 1: 0.1, 2: 0.3, 3: 0.1}"
308,Syrup - 2 T.,100.0,0.0,25.0,0.0,"{0: 0.0, 1: 0.1, 2: 0.3, 3: 0.1}"
309,table blends sugar - 2 T.,110.0,0.0,29.0,0.0,"{0: 0.0, 1: 0.1, 2: 0.3, 3: 0.1}"
310,Tapioca cream pudding - 1 cup,335.0,10.0,42.0,10.0,"{0: 0, 1: 0.3, 2: 0.1, 3: 0.3}"
311,Almonds - 1/2 cup,425.0,13.0,13.0,38.0,"{0: 1, 1: 0.2, 2: 0.8, 3: 0.3}"
312,roasted and salted - 1/2 cup,439.0,13.0,13.0,40.0,"{0: 1, 1: 0.2, 2: 0.8, 3: 0.3}"
313,Brazil nuts - 1/2 cup,457.0,10.0,7.0,47.0,"{0: 1, 1: 0.2, 2: 0.8, 3: 0.3}"
314,Cashews - 1/2 cup,392.0,12.0,20.0,32.0,"{0: 1, 1: 0.2, 2: 0.8, 3: 0.3}"
315,coconut sweetened - 1/2 cup,274.0,1.0,26.0,20.0,"{0: 1, 1: 0.2, 2: 0.8, 3: 0.3}"
316,Peanut butter - 1/3 cup,300.0,12.0,9.0,25.0,"{0: 1, 1: 0.2, 2: 0.8, 3: 0.3}"
317,"Peanut butter, natural - 1/3 cup",284.0,13.0,8.0,24.0,"{0: 1, 1: 0.2, 2: 0.8, 3: 0.3}"
318,Peanuts - 1/3 cup,290.0,13.0,9.0,25.0,"{0: 1, 1: 0.2, 2: 0.8, 3: 0.3}"
319,Pecans - 1/2 cup,343.0,5.0,7.0,35.0,"{0: 1, 1: 0.2, 2: 0.8, 3: 0.3}"
320,Sesame seeds - 1/2 cup,280.0,9.0,10.0,24.0,"{0: 1, 1: 0.2, 2: 0.8, 3: 0.3}"
321,Sunflower seeds - 1/2 cup,280.0,12.0,10.0,26.0,"{0: 1, 1: 0.2, 2: 0.8, 3: 0.3}"
322,Walnuts - 1/2 cup,325.0,7.0,8.0,32.0,"{0: 1, 1: 0.2, 2: 0.8, 3: 0.3}"
323,Beer - 2 cups,228.0,0.0,8.0,0.0,"{0: 0.0, 1: 0.0, 2: 0.0, 3: 0.1}"
324,Gin - 1 oz.,70.0,0.0,0.0,0.0,"{0: 0.0, 1: 0.0, 2: 0.0, 3: 0.1}"
325,Wines - 1/2 cup,164.0,0.0,9.0,0.0,"{0: 0.0, 1: 0.0, 2: 0.0, 3: 0.1}"
326,Table (12.2% alcohol) - 1/2 cup,100.0,0.0,5.0,0.0,"{0: 0.0, 1: 0.0, 2: 0.0, 3: 0.1}"
327,Carbonated drinks Artificially sweetened - 12 oz.,0.0,0.0,0.0,0.0,"{0: 0.0, 1: 0.0, 2: 0.0, 3: 0.1}"
328,Club soda - 12 oz.,0.0,0.0,0.0,0.0,"{0: 0.0, 1: 0.0, 2: 0.0, 3: 0.1}"
329,Cola drinks - 12 oz.,137.0,0.0,38.0,0.0,"{0: 0.0, 1: 0.0, 2: 0.0, 3: 0.1}"
330,Fruit-flavored soda - 12 oz.,161.0,0.0,42.0,0.0,"{0: 0.0, 1: 0.0, 2: 0.0, 3: 0.1}"
331,Ginger ale - 12 oz.,105.0,0.0,28.0,0.0,"{0: 0.0, 1: 0.0, 2: 0.0, 3: 0.1}"
332,Root beer - 12 oz.,140.0,0.0,35.0,0.0,"{0: 0.0, 1: 0.0, 2: 0.0, 3: 0.1}"
333,Coffee - 1 cup,3.0,0.0,1.0,0.0,"{0: 0.0, 1: 0.0, 2: 0.0, 3: 0.1}"
334,Tea - 1 cup,4.0,0.0,1.0,0.0,"{0: 0.0, 1: 0.0, 2: 0.0, 3: 0.1}"
335,2XCows' milk - 1 qt.,1320.0,64.0,96.0,80.0,"{0: 1, 1: 0.2, 2: 0.9, 3: 0.3}"
336,2XMilk skim - 1 qt.,720.0,72.0,104.0,0.0,"{0: 1, 1: 0.2, 2: 0.9, 3: 0.3}"
337,2XButtermilk - 1 cup,254.0,18.0,26.0,10.0,"{0: 1, 1: 0.2, 2: 0.9, 3: 0.3}"
338,"2XEvaporated, undiluted - 1 cup",690.0,32.0,48.0,40.0,"{0: 1, 1: 0.2, 2: 0.9, 3: 0.3}"
339,2XFortified milk - 6 cups,2746.0,178.0,238.0,84.0,"{0: 1, 1: 0.2, 2: 0.9, 3: 0.3}"
340,2XPowdered milk - 1 cup,1030.0,54.0,78.0,56.0,"{0: 1, 1: 0.2, 2: 0.9, 3: 0.3}"
341,"2Xskim, instant - 1 1/3 cups",580.0,60.0,84.0,0.0,"{0: 1, 1: 0.2, 2: 0.9, 3: 0.3}"
342,"2Xskim, non-instant - 2/3 cup",580.0,60.0,84.0,0.0,"{0: 1, 1: 0.2, 2: 0.9, 3: 0.3}"
343,2XGoats' milk - 1 cup,330.0,16.0,22.0,20.0,"{0: 1, 1: 0.2, 2: 0.9, 3: 0.3}"
344,2X(1/2 cup ice cream) - 2 cups,1380.0,48.0,140.0,48.0,"{0: 1, 1: 0.2, 2: 0.9, 3: 0.3}"
345,2XCocoa - 1 cup,470.0,16.0,52.0,22.0,"{0: 1, 1: 0.2, 2: 0.9, 3: 0.3}"
346,2Xskim. milk - 1 cup,256.0,36.0,26.0,8.0,"{0: 1, 1: 0.2, 2: 0.9, 3: 0.3}"
347,2X(cornstarch) - 1 cup,550.0,18.0,80.0,20.0,"{0: 1, 1: 0.2, 2: 0.9, 3: 0.3}"
348,2XCustard - 1 cup,570.0,26.0,56.0,28.0,"{0: 1, 1: 0.2, 2: 0.9, 3: 0.3}"
349,2XIce cream - 1 cup,600.0,12.0,58.0,36.0,"{0: 1, 1: 0.2, 2: 0.9, 3: 0.3}"
350,2XIce milk - 1 cup,550.0,18.0,64.0,20.0,"{0: 1, 1: 0.2, 2: 0.9, 3: 0.3}"
351,2XCream or half-and-half - 1/2 cup,340.0,8.0,10.0,30.0,"{0: 1, 1: 0.2, 2: 0.9, 3: 0.3}"
352,2Xor whipping - 1/2 cup,860.0,4.0,6.0,88.0,"{0: 1, 1: 0.2, 2: 0.9, 3: 0.3}"
353,2XCheese - 1 cup,480.0,60.0,12.0,22.0,"{0: 1, 1: 0.2, 2: 0.9, 3: 0.3}"
354,2Xuncreamed - 1 cup,390.0,76.0,12.0,0.0,"{0: 1, 1: 0.2, 2: 0.9, 3: 0.3}"
355,2XCheddar - 1-in. cube,140.0,8.0,0.0,12.0,"{0: 1, 1: 0.2, 2: 0.9, 3: 0.3}"
356,"2XCheddar, grated cup - 1/2 cup",452.0,28.0,2.0,38.0,"{0: 1, 1: 0.2, 2: 0.9, 3: 0.3}"
357,2XCream cheese - 1 oz.,210.0,4.0,2.0,22.0,"{0: 1, 1: 0.2, 2: 0.9, 3: 0.3}"
358,2XProcessed cheese - 1 oz.,210.0,14.0,0.0,18.0,"{0: 1, 1: 0.2, 2: 0.9, 3: 0.3}"
359,2XRoquefort type - 1 oz.,210.0,12.0,0.0,18.0,"{0: 1, 1: 0.2, 2: 0.9, 3: 0.3}"
360,2XSwiss - 1 oz.,210.0,14.0,0.0,16.0,"{0: 1, 1: 0.2, 2: 0.9, 3: 0.3}"
361,2XEggs raw - 2,300.0,24.0,0.0,24.0,"{0: 1, 1: 0.2, 2: 0.9, 3: 0.3}"
362,2XEggs Scrambled or fried - 2,440.0,26.0,2.0,32.0,"{0: 1, 1: 0.2, 2: 0.9, 3: 0.3}"
363,2XYolks - 2,240.0,12.0,0.0,20.0,"{0: 0.1, 1: 0.1, 2: 0.3, 3: 0.2}"
364,2XButter - 1T.,200.0,0.0,0.0,22.0,"{0: 0.1, 1: 0.1, 2: 0.3, 3: 0.2}"
365,2XButter - 1/2 cup,226.0,228.0,236.0,230.0,"{0: 0.1, 1: 0.1, 2: 0.3, 3: 0.2}"
366,2XButter - 1/4 lb.,226.0,228.0,236.0,230.0,"{0: 0.1, 1: 0.1, 2: 0.3, 3: 0.2}"
367,2XHydrogenated cooking fat - 1/2 cup,1330.0,0.0,0.0,200.0,"{0: 0.1, 1: 0.1, 2: 0.3, 3: 0.2}"
368,2XLard - 1/2 cup,1984.0,0.0,0.0,220.0,"{0: 0.1, 1: 0.1, 2: 0.3, 3: 0.2}"
369,2XMargarine - 1/2 cup,1612.0,0.0,0.0,182.0,"{0: 0.1, 1: 0.1, 2: 0.3, 3: 0.2}"
370,"2XMargarine, 2 pat or - 1 T.",200.0,0.0,0.0,22.0,"{0: 0.1, 1: 0.1, 2: 0.3, 3: 0.2}"
371,2XMayonnaise - 1 T.,220.0,0.0,0.0,24.0,"{0: 0.1, 1: 0.1, 2: 0.3, 3: 0.2}"
372,2XCorn oil - 1 T.,250.0,0.0,0.0,28.0,"{0: 0.1, 1: 0.1, 2: 0.3, 3: 0.2}"
373,2XOlive oil - 1T.,250.0,0.0,0.0,28.0,"{0: 0.1, 1: 0.1, 2: 0.3, 3: 0.2}"
374,2XSafflower seed oil - 1 T.,250.0,0.0,0.0,28.0,"{0: 0.1, 1: 0.1, 2: 0.3, 3: 0.2}"
375,2XFrench dressing - 1 T.,120.0,0.0,4.0,12.0,"{0: 0.1, 1: 0.1, 2: 0.3, 3: 0.2}"
376,2XThousand Island sauce - 1 T.,150.0,0.0,2.0,16.0,"{0: 0.1, 1: 0.1, 2: 0.3, 3: 0.2}"
377,2XSalt pork - 2 oz.,940.0,6.0,0.0,110.0,"{0: 0.0, 1: 0.9, 2: 0.0, 3: 0.6}"
378,2XBacon - 2 slices,190.0,8.0,2.0,16.0,"{0: 0.0, 1: 0.9, 2: 0.0, 3: 0.6}"
379,2XBeef - 3 oz.,490.0,46.0,0.0,32.0,"{0: 0.0, 1: 0.9, 2: 0.0, 3: 0.6}"
380,2XHamburger - 3 oz.,490.0,42.0,0.0,34.0,"{0: 0.0, 1: 0.9, 2: 0.0, 3: 0.6}"
381,2XGround lean - 3 oz.,370.0,48.0,0.0,20.0,"{0: 0.0, 1: 0.9, 2: 0.0, 3: 0.6}"
382,2XRoast beef - 3 oz.,780.0,32.0,0.0,72.0,"{0: 0.0, 1: 0.9, 2: 0.0, 3: 0.6}"
383,2XSteak - 3 oz.,660.0,40.0,0.0,54.0,"{0: 0.0, 1: 0.9, 2: 0.0, 3: 0.6}"
384,"2XSteak, lean, as round - 3 oz.",440.0,48.0,0.0,24.0,"{0: 0.0, 1: 0.9, 2: 0.0, 3: 0.6}"
385,2XCorned beef - 3 oz.,370.0,44.0,0.0,20.0,"{0: 0.0, 1: 0.9, 2: 0.0, 3: 0.6}"
386,2XCorned beef hash canned - 3 oz.,240.0,24.0,12.0,16.0,"{0: 0.0, 1: 0.9, 2: 0.0, 3: 0.6}"
387,2XCorned beef hash Dried - 2 oz.,230.0,38.0,0.0,8.0,"{0: 0.0, 1: 0.9, 2: 0.0, 3: 0.6}"
388,2XPot-pie - 1 pie,960.0,36.0,64.0,56.0,"{0: 0.0, 1: 0.9, 2: 0.0, 3: 0.6}"
389,2XCorned beef hash Stew - 1 cup,370.0,30.0,30.0,20.0,"{0: 0.0, 1: 0.9, 2: 0.0, 3: 0.6}"
390,2Xchicken - 3 oz.,370.0,46.0,0.0,18.0,"{0: 0.0, 1: 0.9, 2: 0.0, 3: 0.6}"
391,"2XFried, breast or leg and thigh chicken - 3 oz.",490.0,50.0,0.0,30.0,"{0: 0.0, 1: 0.9, 2: 0.0, 3: 0.6}"
392,2XRoasted chicken - 3 1/2 oz.,580.0,50.0,0.0,40.0,"{0: 0.0, 1: 0.9, 2: 0.0, 3: 0.6}"
393,"2XChicken livers, fried - 3 med.",280.0,44.0,4.6,28.0,"{0: 0.0, 1: 0.9, 2: 0.0, 3: 0.6}"
394,"2XDuck, domestic - 3 1/2 oz.",740.0,32.0,0.0,56.0,"{0: 0.0, 1: 0.9, 2: 0.0, 3: 0.6}"
395,"2XLamb, chop, broiled - 4 oz.",960.0,48.0,0.0,70.0,"{0: 0.0, 1: 0.9, 2: 0.0, 3: 0.6}"
396,2XLeg roasted - 3 oz.,628.0,40.0,0.0,28.0,"{0: 0.0, 1: 0.9, 2: 0.0, 3: 0.6}"
397,"2XShoulder, braised - 3 oz.",570.0,36.0,0.0,46.0,"{0: 0.0, 1: 0.9, 2: 0.0, 3: 0.6}"
398,"2XPork, chop, 1 thick - 3 1/2 oz.",520.0,32.0,0.0,42.0,"{0: 0.0, 1: 0.9, 2: 0.0, 3: 0.6}"
399,2XHam pan-broiled - 3 oz.,580.0,32.0,0.0,44.0,"{0: 0.0, 1: 0.9, 2: 0.0, 3: 0.6}"
400,"2XHam, as  - 2 oz.",340.0,26.0,0.0,26.0,"{0: 0.0, 1: 0.9, 2: 0.0, 3: 0.6}"
401,"2XHam, canned, spiced - 2 oz.",330.0,16.0,2.0,28.0,"{0: 0.0, 1: 0.9, 2: 0.0, 3: 0.6}"
402,2XPork roast - 3 oz.,620.0,42.0,0.0,48.0,"{0: 0.0, 1: 0.9, 2: 0.0, 3: 0.6}"
403,2XPork sausage - 3 1/2 oz.,950.0,36.0,0.0,88.0,"{0: 0.0, 1: 0.9, 2: 0.0, 3: 0.6}"
404,2XTurkey - 3 1/2 oz.,530.0,54.0,0.0,30.0,"{0: 0.0, 1: 0.9, 2: 0.0, 3: 0.6}"
405,2XVeal - 3 oz.,370.0,46.0,0.0,18.0,"{0: 0.0, 1: 0.9, 2: 0.0, 3: 0.6}"
406,2XRoast - 3 oz.,610.0,26.0,0.0,28.0,"{0: 0.0, 1: 0.9, 2: 0.0, 3: 0.6}"
407,2XClams - 3 oz.,174.0,24.0,4.0,2.0,"{0: 0.1, 1: 0.9, 2: 0.2, 3: 1.0}"
408,2XCod - 3 1/2 oz.,340.0,56.0,0.0,10.0,"{0: 0.1, 1: 0.9, 2: 0.2, 3: 1.0}"
409,2XCrab meat - 3 oz.,180.0,28.0,2.0,4.0,"{0: 0.1, 1: 0.9, 2: 0.2, 3: 1.0}"
410,2XFish sticks fried - 5,400.0,38.0,16.0,20.0,"{0: 0.1, 1: 0.9, 2: 0.2, 3: 1.0}"
411,2XFlounder - 3 1/2 oz.,400.0,60.0,0.0,16.0,"{0: 0.1, 1: 0.9, 2: 0.2, 3: 1.0}"
412,2XHaddock - 3 oz.,270.0,32.0,12.0,10.0,"{0: 0.1, 1: 0.9, 2: 0.2, 3: 1.0}"
413,2XHalibut - 3 1/2 oz.,364.0,52.0,0.0,16.0,"{0: 0.1, 1: 0.9, 2: 0.2, 3: 1.0}"
414,2XHerring - 1 small,422.0,44.0,0.0,26.0,"{0: 0.1, 1: 0.9, 2: 0.2, 3: 1.0}"
415,2XLobster - aver.,184.0,36.0,0.0,2.0,"{0: 0.1, 1: 0.9, 2: 0.2, 3: 1.0}"
416,2XMackerel - 3 oz.,310.0,36.0,0.0,18.0,"{0: 0.1, 1: 0.9, 2: 0.2, 3: 1.0}"
417,2XOysters - 6-8 med.,462.0,464.0,472.0,466.0,"{0: 0.1, 1: 0.9, 2: 0.2, 3: 1.0}"
418,2XOyster stew - 1 cup,250.0,38.0,0.0,12.0,"{0: 0.1, 1: 0.9, 2: 0.2, 3: 1.0}"
419,2XSalmon - 3 oz.,240.0,34.0,0.0,10.0,"{0: 0.1, 1: 0.9, 2: 0.2, 3: 1.0}"
420,2XSardines - 3 oz.,360.0,44.0,0.0,18.0,"{0: 0.1, 1: 0.9, 2: 0.2, 3: 1.0}"
421,2XScallops - 3 1/2 oz.,208.0,36.0,20.0,16.0,"{0: 0.1, 1: 0.9, 2: 0.2, 3: 1.0}"
422,2XShad - 3 oz.,340.0,40.0,0.0,20.0,"{0: 0.1, 1: 0.9, 2: 0.2, 3: 1.0}"
423,2XShrimp - 3 oz.,220.0,46.0,0.0,2.0,"{0: 0.1, 1: 0.9, 2: 0.2, 3: 1.0}"
424,2XSwordfish - 1 steak,360.0,54.0,0.0,12.0,"{0: 0.1, 1: 0.9, 2: 0.2, 3: 1.0}"
425,2XTuna - 3 oz.,340.0,50.0,0.0,14.0,"{0: 0.1, 1: 0.9, 2: 0.2, 3: 1.0}"
426,2XArtichoke - 1 large,88.0,4.0,20.0,0.0,"{0: 0.1, 1: 0.9, 2: 0.2, 3: 0.8}"
427,2XAsparagus - 6 spears,36.0,2.0,6.0,0.0,"{0: 0.1, 1: 0.9, 2: 0.2, 3: 0.8}"
428,2XBeans - 1 cup,50.0,2.0,12.0,0.0,"{0: 0.1, 1: 0.9, 2: 0.2, 3: 0.8}"
429,2XLima - 1 cup,280.0,16.0,48.0,0.0,"{0: 0.1, 1: 0.9, 2: 0.2, 3: 0.8}"
430,"2XLima, dry, cooked - 1 cup",520.0,32.0,96.0,0.0,"{0: 0.1, 1: 0.9, 2: 0.2, 3: 0.8}"
431,"2XNavy, baked with pork - 3/4 cup",500.0,22.0,74.0,12.0,"{0: 0.1, 1: 0.9, 2: 0.2, 3: 0.8}"
432,2XRed kidney - 1 cup,460.0,30.0,84.0,2.0,"{0: 0.1, 1: 0.9, 2: 0.2, 3: 0.8}"
433,2XBean sprouts - 1 cup,34.0,2.0,6.0,0.0,"{0: 0.1, 1: 0.9, 2: 0.2, 3: 0.8}"
434,2XBeet greens - 1 cup,54.0,4.0,12.0,0.0,"{0: 0.1, 1: 0.9, 2: 0.2, 3: 0.8}"
435,2XBeetroots - 1 cup,2.0,24.0,1.6,0.0,"{0: 0.1, 1: 0.9, 2: 0.2, 3: 0.8}"
436,2XBroccoli - 1 cup,90.0,10.0,16.0,0.0,"{0: 0.1, 1: 0.9, 2: 0.2, 3: 0.8}"
437,2XBrussels sprouts - 1 cup,120.0,12.0,24.0,0.0,"{0: 0.1, 1: 0.9, 2: 0.2, 3: 0.8}"
438,2XSauerkraut - 1 cup,64.0,2.0,14.0,0.0,"{0: 0.1, 1: 0.9, 2: 0.2, 3: 0.8}"
439,2XSteamed cabbage - 1 cup,80.0,4.0,18.0,0.0,"{0: 0.1, 1: 0.9, 2: 0.2, 3: 0.8}"
440,2XCarrots - 1 cup,90.0,2.0,20.0,0.0,"{0: 0.1, 1: 0.9, 2: 0.2, 3: 0.8}"
441,"2XRaw, grated - 1 cup",90.0,2.0,20.0,0.0,"{0: 0.1, 1: 0.9, 2: 0.2, 3: 0.8}"
442,"2XStrips, from raw - 1 mad.",40.0,0.0,10.0,0.0,"{0: 0.1, 1: 0.9, 2: 0.2, 3: 0.8}"
443,2XCauliflower - 1 cup,60.0,6.0,12.0,0.0,"{0: 0.1, 1: 0.9, 2: 0.2, 3: 0.8}"
444,2XCelery - 1 cup,40.0,2.0,8.0,0.0,"{0: 0.1, 1: 0.9, 2: 0.2, 3: 0.8}"
445,2XStalk raw - 1 large,10.0,2.0,2.0,0.0,"{0: 0.1, 1: 0.9, 2: 0.2, 3: 0.8}"
446,2XChard steamed - 1 cup,60.0,4.0,14.0,0.0,"{0: 0.1, 1: 0.9, 2: 0.2, 3: 0.8}"
447,2XCollards - 1 cup,102.0,10.0,16.0,0.0,"{0: 0.1, 1: 0.9, 2: 0.2, 3: 0.8}"
448,2XCorn - 1 ear,184.0,6.0,42.0,2.0,"{0: 0.1, 1: 0.9, 2: 0.2, 3: 0.8}"
449,2Xcooked or canned - 1 cup,340.0,10.0,82.0,0.0,"{0: 0.1, 1: 0.9, 2: 0.2, 3: 0.8}"
450,2XCucumbers - 8,12.0,0.0,2.0,0.0,"{0: 0.1, 1: 0.9, 2: 0.2, 3: 0.8}"
451,2XDandelion greens - 1 cup,160.0,10.0,32.0,2.0,"{0: 0.1, 1: 0.9, 2: 0.2, 3: 0.8}"
452,2XEggplant - 1 cup,60.0,4.0,18.0,0.0,"{0: 0.1, 1: 0.9, 2: 0.2, 3: 0.8}"
453,2XEndive - 2 oz.,20.0,2.0,4.0,0.0,"{0: 0.1, 1: 0.9, 2: 0.2, 3: 0.8}"
454,2XKale - 1 cup,90.0,8.0,16.0,2.0,"{0: 0.1, 1: 0.9, 2: 0.2, 3: 0.8}"
455,2XKohlrabi - 1 cup,80.0,4.0,18.0,0.0,"{0: 0.1, 1: 0.9, 2: 0.2, 3: 0.8}"
456,"2XLambs quarters, steamed - 1 cup",96.0,10.0,14.0,0.0,"{0: 0.1, 1: 0.9, 2: 0.2, 3: 0.8}"
457,2XLentils - 1 cup,424.0,30.0,76.0,0.0,"{0: 0.1, 1: 0.9, 2: 0.2, 3: 0.8}"
458,2XLettuce - 1/4 head,28.0,2.0,4.0,0.0,"{0: 0.1, 1: 0.9, 2: 0.2, 3: 0.8}"
459,2XIceberg - 1/4 head,26.0,0.0,6.0,0.0,"{0: 0.1, 1: 0.9, 2: 0.2, 3: 0.8}"
460,2XMushrooms canned - 4,24.0,4.0,8.0,0.0,"{0: 0.1, 1: 0.9, 2: 0.2, 3: 0.8}"
461,2XMustard greens - 1,60.0,6.0,12.0,0.0,"{0: 0.1, 1: 0.9, 2: 0.2, 3: 0.8}"
462,2XOkra - 1 1/3 cups,64.0,2.0,14.0,0.0,"{0: 0.1, 1: 0.9, 2: 0.2, 3: 0.8}"
463,2XOnions - 1,160.0,4.0,36.0,0.0,"{0: 0.1, 1: 0.9, 2: 0.2, 3: 0.8}"
464,"2XRaw, green - 6 small",44.0,0.0,10.0,0.0,"{0: 0.1, 1: 0.9, 2: 0.2, 3: 0.8}"
465,2XParsley - 2 T.,4.0,0.0,0.0,0.0,"{0: 0.1, 1: 0.9, 2: 0.2, 3: 0.8}"
466,2XParsnips - 1 cup,190.0,4.0,44.0,2.0,"{0: 0.1, 1: 0.9, 2: 0.2, 3: 0.8}"
467,2XPeas - 1 cup,132.0,6.0,26.0,0.0,"{0: 0.1, 1: 0.9, 2: 0.2, 3: 0.8}"
468,"2XFresh, steamed peas - 1 cup",140.0,10.0,24.0,0.0,"{0: 0.1, 1: 0.9, 2: 0.2, 3: 0.8}"
469,2XFrozen peas - 1 cup,0.0,10.0,24.0,0.0,"{0: 0.1, 1: 0.9, 2: 0.2, 3: 0.8}"
470,2XSplit cooked peas - 4 cups,230.0,16.0,42.0,0.0,"{0: 0.1, 1: 0.9, 2: 0.2, 3: 0.8}"
471,2Xheated peas - 1 cup,106.0,6.0,20.0,0.0,"{0: 0.1, 1: 0.9, 2: 0.2, 3: 0.8}"
472,2XPeppers canned - 1 pod,20.0,0.0,4.0,0.0,"{0: 0.1, 1: 0.9, 2: 0.2, 3: 0.8}"
473,"2XPeppers Raw, green, sweet - 1 large",50.0,2.0,12.0,0.0,"{0: 0.1, 1: 0.9, 2: 0.2, 3: 0.8}"
474,2XPeppers with beef and crumbs - 1 med.,510.0,38.0,48.0,18.0,"{0: 0.1, 1: 0.9, 2: 0.2, 3: 0.8}"
475,"2XPotatoes, baked - 1 med.",200.0,4.0,44.0,0.0,"{0: 0.1, 1: 0.9, 2: 0.2, 3: 0.8}"
476,2XFrench-fried - 10 pieces,310.0,-2.0,40.0,14.0,"{0: 0.1, 1: 0.9, 2: 0.2, 3: 0.8}"
477,2XPotatoes Mashed with milk and butter - 1 cup,460.0,8.0,56.0,24.0,"{0: 0.1, 1: 0.9, 2: 0.2, 3: 0.8}"
478,"2XPotatoes, pan-tried - 3/4 cup",536.0,8.0,66.0,28.0,"{0: 0.1, 1: 0.9, 2: 0.2, 3: 0.8}"
479,2XScalloped with cheese potatoes - 3/4 cup,290.0,12.0,28.0,16.0,"{0: 0.1, 1: 0.9, 2: 0.2, 3: 0.8}"
480,2XSteamed potatoes before peeling - 1 med.,160.0,4.0,38.0,0.0,"{0: 0.1, 1: 0.9, 2: 0.2, 3: 0.8}"
481,2XPotato chips - 10,220.0,2.0,20.0,14.0,"{0: 0.1, 1: 0.9, 2: 0.2, 3: 0.8}"
482,2XRadishes - 5 small,20.0,0.0,4.0,0.0,"{0: 0.1, 1: 0.9, 2: 0.2, 3: 0.8}"
483,2XRutabagas - 4 cups,64.0,0.0,16.0,0.0,"{0: 0.1, 1: 0.9, 2: 0.2, 3: 0.8}"
484,2XSoybeans - 1 cup,520.0,44.0,40.0,22.0,"{0: 0.1, 1: 0.9, 2: 0.2, 3: 0.8}"
485,2XSpinach - 1 cup,52.0,6.0,6.0,0.0,"{0: 0.1, 1: 0.9, 2: 0.2, 3: 0.8}"
486,2XSquash - 1 cup,70.0,2.0,16.0,0.0,"{0: 0.1, 1: 0.9, 2: 0.2, 3: 0.8}"
487,"2XWinter, mashed - 1 cup",190.0,8.0,46.0,0.0,"{0: 0.1, 1: 0.9, 2: 0.2, 3: 0.8}"
488,2XSweet potatoes - 1 med.,310.0,4.0,72.0,2.0,"{0: 0.1, 1: 0.9, 2: 0.2, 3: 0.8}"
489,2XCandied - 1 med.,470.0,4.0,160.0,12.0,"{0: 0.1, 1: 0.9, 2: 0.2, 3: 0.8}"
490,2XTomatoes - 1 cup,100.0,4.0,18.0,0.0,"{0: 0.1, 1: 0.9, 2: 0.2, 3: 0.8}"
491,"2XRaw, 2 by 2 1/2 - 1 med.",60.0,2.0,12.0,0.0,"{0: 0.1, 1: 0.9, 2: 0.2, 3: 0.8}"
492,2XTomato juice - 1 cup,100.0,4.0,20.0,0.0,"{0: 0.1, 1: 0.9, 2: 0.2, 3: 0.8}"
493,2XTomato catsup - 1 T.,30.0,0.0,8.0,0.0,"{0: 0.1, 1: 0.9, 2: 0.2, 3: 0.8}"
494,2XTurnip greens - 1 cup,90.0,8.0,16.0,2.0,"{0: 0.1, 1: 0.9, 2: 0.2, 3: 0.8}"
495,"2XTurnips, steamed - 1 cup",80.0,2.0,18.0,0.0,"{0: 0.1, 1: 0.9, 2: 0.2, 3: 0.8}"
496,"2XWatercress stems, raw - 1 cup",18.0,2.0,2.0,0.0,"{0: 1, 1: 0.2, 2: 0.9, 3: 0.3}"
497,2XApple juice canned - 1 cup,250.0,0.0,68.0,0.0,"{0: 1, 1: 0.2, 2: 0.9, 3: 0.3}"
498,2XApple vinegar - 1/3 cup,28.0,0.0,6.0,0.0,"{0: 1, 1: 0.2, 2: 0.9, 3: 0.3}"
499,"2XApples, raw - 1 med",140.0,0.0,36.0,0.0,"{0: 1, 1: 0.2, 2: 0.9, 3: 0.3}"
500,2XStewed or canned - 1 cup,200.0,0.0,52.0,0.0,"{0: 1, 1: 0.2, 2: 0.9, 3: 0.3}"
501,2XApricots - 1 cup,440.0,4.0,114.0,0.0,"{0: 1, 1: 0.2, 2: 0.9, 3: 0.3}"
502,"2XDried, uncooked - 1/2 cup",440.0,8.0,100.0,0.0,"{0: 1, 1: 0.2, 2: 0.9, 3: 0.3}"
503,2XFresh - 3 med.,110.0,2.0,28.0,0.0,"{0: 1, 1: 0.2, 2: 0.9, 3: 0.3}"
504,"2XNectar, or juice - 1 cup",280.0,2.0,72.0,0.0,"{0: 1, 1: 0.2, 2: 0.9, 3: 0.3}"
505,2XAvocado - 1/2 large,370.0,4.0,12.0,36.0,"{0: 1, 1: 0.2, 2: 0.9, 3: 0.3}"
506,2XBanana - 1 med.,170.0,2.0,46.0,0.0,"{0: 1, 1: 0.2, 2: 0.9, 3: 0.3}"
507,2XBlackberries - 1 cup,170.0,4.0,38.0,2.0,"{0: 1, 1: 0.2, 2: 0.9, 3: 0.3}"
508,2XBlueberries - 1 cup,490.0,2.0,130.0,0.0,"{0: 1, 1: 0.2, 2: 0.9, 3: 0.3}"
509,2XCantaloupe - 1/2 med.,80.0,2.0,18.0,0.0,"{0: 1, 1: 0.2, 2: 0.9, 3: 0.3}"
510,2XCherries - 1 cup,200.0,4.0,52.0,2.0,"{0: 1, 1: 0.2, 2: 0.9, 3: 0.3}"
511,"2XFresh, raw - 1 cup",130.0,2.0,30.0,0.0,"{0: 1, 1: 0.2, 2: 0.9, 3: 0.3}"
512,2XCranberry sauce sweetened - 1 cup,1060.0,0.0,284.0,0.0,"{0: 1, 1: 0.2, 2: 0.9, 3: 0.3}"
513,2XDates - 1 cup,1010.0,8.0,268.0,0.0,"{0: 1, 1: 0.2, 2: 0.9, 3: 0.3}"
514,2XFigs - 2,240.0,4.0,60.0,0.0,"{0: 1, 1: 0.2, 2: 0.9, 3: 0.3}"
515,"2XFresh, raw figs - 3 med.",180.0,4.0,44.0,0.0,"{0: 1, 1: 0.2, 2: 0.9, 3: 0.3}"
516,2Xfigs Canned with syrup  - 3,260.0,2.0,64.0,0.0,"{0: 1, 1: 0.2, 2: 0.9, 3: 0.3}"
517,"2XFruit cocktail, canned - 1 cup",390.0,2.0,100.0,0.0,"{0: 1, 1: 0.2, 2: 0.9, 3: 0.3}"
518,2XGrapefruit sections - 1 cup,340.0,2.0,88.0,0.0,"{0: 1, 1: 0.2, 2: 0.9, 3: 0.3}"
519,"2XGrapefruit, fresh, 5"" diameter - 1/2",100.0,2.0,28.0,0.0,"{0: 1, 1: 0.2, 2: 0.9, 3: 0.3}"
520,2XGrapefruit juice - 1 cup,200.0,2.0,48.0,0.0,"{0: 1, 1: 0.2, 2: 0.9, 3: 0.3}"
521,2XGrapes - 1 cup,140.0,2.0,32.0,0.0,"{0: 1, 1: 0.2, 2: 0.9, 3: 0.3}"
522,"2XEuropean, as Muscat, Tokay - 1 cup",200.0,2.0,52.0,0.0,"{0: 1, 1: 0.2, 2: 0.9, 3: 0.3}"
523,2XGrape juice - 1 cup,320.0,2.0,84.0,0.0,"{0: 1, 1: 0.2, 2: 0.9, 3: 0.3}"
524,2XLemon juice - 1/2 cup,60.0,0.0,20.0,0.0,"{0: 1, 1: 0.2, 2: 0.9, 3: 0.3}"
525,2XLemonade concentratefrozen - 6-oz. can,860.0,0.0,224.0,0.0,"{0: 1, 1: 0.2, 2: 0.9, 3: 0.3}"
526,2XLimeade concentrate frozen - 6-oz. can,810.0,0.0,216.0,0.0,"{0: 1, 1: 0.2, 2: 0.9, 3: 0.3}"
527,2XOlives large - 10,144.0,2.0,6.0,20.0,"{0: 1, 1: 0.2, 2: 0.9, 3: 0.3}"
528,2XOlivesRipe - 10,210.0,2.0,2.0,26.0,"{0: 1, 1: 0.2, 2: 0.9, 3: 0.3}"
529,"2XOranges 3"" diameter - 1 med.",120.0,4.0,32.0,0.0,"{0: 1, 1: 0.2, 2: 0.9, 3: 0.3}"
530,2XOrange juice - 8 oz. or,224.0,4.0,50.0,0.0,"{0: 1, 1: 0.2, 2: 0.9, 3: 0.3}"
531,2XFrozen  - 6-oz. can,660.0,4.0,156.0,0.0,"{0: 1, 1: 0.2, 2: 0.9, 3: 0.3}"
532,2XPapaya - 1/2 med.,150.0,2.0,36.0,0.0,"{0: 1, 1: 0.2, 2: 0.9, 3: 0.3}"
533,2XPeaches - 1 cup,400.0,2.0,104.0,0.0,"{0: 1, 1: 0.2, 2: 0.9, 3: 0.3}"
534,"2XFresh, raw - 1 med.",70.0,2.0,20.0,0.0,"{0: 1, 1: 0.2, 2: 0.9, 3: 0.3}"
535,2XPears - 1 cup,390.0,2.0,100.0,0.0,"{0: 1, 1: 0.2, 2: 0.9, 3: 0.3}"
536,"2XRaw, 3 by 2V - 1 med.",200.0,2.0,50.0,2.0,"{0: 1, 1: 0.2, 2: 0.9, 3: 0.3}"
537,2XPersimmons - 1 med.,150.0,2.0,40.0,0.0,"{0: 1, 1: 0.2, 2: 0.9, 3: 0.3}"
538,2XPineapple - 1 large slice,190.0,0.0,52.0,0.0,"{0: 1, 1: 0.2, 2: 0.9, 3: 0.3}"
539,2XPineapple Crushed - 1 cup,410.0,2.0,110.0,0.0,"{0: 1, 1: 0.2, 2: 0.9, 3: 0.3}"
540,"2XRaw, diced - 1 cup",150.0,2.0,38.0,0.0,"{0: 1, 1: 0.2, 2: 0.9, 3: 0.3}"
541,2XPineapple juice - 1 cup,240.0,2.0,64.0,0.0,"{0: 1, 1: 0.2, 2: 0.9, 3: 0.3}"
542,2XPlums - 1 cup,370.0,2.0,100.0,0.0,"{0: 1, 1: 0.2, 2: 0.9, 3: 0.3}"
543,"2XRaw, 2"" diameter - 1",60.0,0.0,14.0,0.0,"{0: 1, 1: 0.2, 2: 0.9, 3: 0.3}"
544,2XPrunes - 1 cup,600.0,6.0,162.0,2.0,"{0: 1, 1: 0.2, 2: 0.9, 3: 0.3}"
545,2XPrune juice - 1 cup,340.0,2.0,90.0,0.0,"{0: 1, 1: 0.2, 2: 0.9, 3: 0.3}"
546,2XRaisins - 1/2 cup,460.0,4.0,164.0,0.0,"{0: 1, 1: 0.2, 2: 0.9, 3: 0.3}"
547,2XRaspberries - 1/2 cup,200.0,0.0,50.0,0.0,"{0: 1, 1: 0.2, 2: 0.9, 3: 0.3}"
548,"2XRaw, red - 3/4 cup",114.0,0.0,28.0,0.0,"{0: 1, 1: 0.2, 2: 0.9, 3: 0.3}"
549,2XRhubarb sweetened - 1 cup,770.0,2.0,196.0,0.0,"{0: 1, 1: 0.2, 2: 0.9, 3: 0.3}"
550,2XStrawberries - 1 cup,484.0,2.0,120.0,0.0,"{0: 1, 1: 0.2, 2: 0.9, 3: 0.3}"
551,2XRaw - 1 cup,108.0,0.0,24.0,0.0,"{0: 1, 1: 0.2, 2: 0.9, 3: 0.3}"
552,2XTangerines - I med.,80.0,2.0,20.0,0.0,"{0: 1, 1: 0.2, 2: 0.9, 3: 0.3}"
553,2XWatermelon - 1 wedge,240.0,4.0,58.0,2.0,"{0: 1, 1: 0.2, 2: 0.9, 3: 0.3}"
554,2XBiscuits - 1,260.0,6.0,36.0,8.0,"{0: 1, 1: 0.2, 2: 0.9, 3: 0.3}"
555,2XBran flakes - 1 cup,234.0,6.0,64.0,0.0,"{0: 1, 1: 0.2, 2: 0.9, 3: 0.3}"
556,"2XBread, cracked wheat - 1 slice",120.0,4.0,24.0,2.0,"{0: 1, 1: 0.2, 2: 0.9, 3: 0.3}"
557,2XRye - 1 slice,110.0,4.0,24.0,2.0,"{0: 1, 1: 0.2, 2: 0.9, 3: 0.3}"
558,"2XWhite, 20 slices, or - 1-lb. loaf",2450.0,78.0,458.0,30.0,"{0: 1, 1: 0.2, 2: 0.9, 3: 0.3}"
559,2XWhole-wheat - 1-lb. loaf,2200.0,96.0,432.0,28.0,"{0: 1, 1: 0.2, 2: 0.9, 3: 0.3}"
560,2XWhole-wheat - 1 slice,110.0,4.0,22.0,2.0,"{0: 1, 1: 0.2, 2: 0.9, 3: 0.3}"
561,2XCorn bread ground meal - 1 serving,200.0,6.0,30.0,8.0,"{0: 1, 1: 0.2, 2: 0.9, 3: 0.3}"
562,2XCornflakes - 1 cup,220.0,4.0,50.0,0.0,"{0: 1, 1: 0.2, 2: 0.9, 3: 0.3}"
563,2XCorn grits cooked - 1 cup,240.0,16.0,54.0,0.0,"{0: 1, 1: 0.2, 2: 0.9, 3: 0.3}"
564,2XCorn meal - 1 cup,720.0,18.0,148.0,8.0,"{0: 1, 1: 0.2, 2: 0.9, 3: 0.3}"
565,2XCrackers - 2 med.,110.0,2.0,20.0,2.0,"{0: 1, 1: 0.2, 2: 0.9, 3: 0.3}"
566,"2XSoda, 2 1/2 square - 2",90.0,2.0,16.0,2.0,"{0: 1, 1: 0.2, 2: 0.9, 3: 0.3}"
567,2XFarina - 1 cup,210.0,6.0,44.0,0.0,"{0: 1, 1: 0.2, 2: 0.9, 3: 0.3}"
568,2XFlour - 1 cup,920.0,78.0,66.0,44.0,"{0: 1, 1: 0.2, 2: 0.9, 3: 0.3}"
569,2XWheat (all purpose) - 1 cup,800.0,24.0,168.0,2.0,"{0: 1, 1: 0.2, 2: 0.9, 3: 0.3}"
570,2XWheat (whole) - 1 cup,780.0,26.0,158.0,4.0,"{0: 1, 1: 0.2, 2: 0.9, 3: 0.3}"
571,2XMacaroni - 1 cup,310.0,10.0,64.0,2.0,"{0: 1, 1: 0.2, 2: 0.9, 3: 0.3}"
572,2XBaked with cheese - 1 cup,950.0,36.0,88.0,50.0,"{0: 1, 1: 0.2, 2: 0.9, 3: 0.3}"
573,2XMuffins - 1,270.0,8.0,38.0,10.0,"{0: 1, 1: 0.2, 2: 0.9, 3: 0.3}"
574,2XNoodles - 1 cup,400.0,14.0,74.0,4.0,"{0: 1, 1: 0.2, 2: 0.9, 3: 0.3}"
575,2XOatmeal - 1 cup,300.0,10.0,52.0,6.0,"{0: 1, 1: 0.2, 2: 0.9, 3: 0.3}"
576,"2XPancakes 4"" diam. - 4",500.0,14.0,56.0,18.0,"{0: 1, 1: 0.2, 2: 0.9, 3: 0.3}"
577,"2XWheat, pancakes 4"" diam. - 4",500.0,14.0,56.0,18.0,"{0: 1, 1: 0.2, 2: 0.9, 3: 0.3}"
578,"2XPizza 14"" diam. - 1 section",360.0,16.0,46.0,12.0,"{0: 1, 1: 0.2, 2: 0.9, 3: 0.3}"
579,2XPopcorn salted - 2 cups,304.0,6.0,40.0,14.0,"{0: 1, 1: 0.2, 2: 0.9, 3: 0.3}"
580,2XPuffed rice - 1 cup,110.0,0.0,24.0,0.0,"{0: 1, 1: 0.2, 2: 0.9, 3: 0.3}"
581,2XPuffed wheat presweetened - 1 cup,210.0,2.0,52.0,0.0,"{0: 1, 1: 0.2, 2: 0.9, 3: 0.3}"
582,2XRice - 1 cup,1496.0,30.0,308.0,6.0,"{0: 1, 1: 0.2, 2: 0.9, 3: 0.3}"
583,2XConverted - 1 cup,1354.0,28.0,284.0,0.0,"{0: 1, 1: 0.2, 2: 0.9, 3: 0.3}"
584,2XWhite - 1 cup,1384.0,28.0,300.0,0.0,"{0: 1, 1: 0.2, 2: 0.9, 3: 0.3}"
585,2XRice flakes - 1 cup,230.0,4.0,52.0,0.0,"{0: 1, 1: 0.2, 2: 0.9, 3: 0.3}"
586,2XRice polish - 1/2 cup,264.0,12.0,56.0,12.0,"{0: 1, 1: 0.2, 2: 0.9, 3: 0.3}"
587,2XRolls - 1 large,822.0,6.0,46.0,24.0,"{0: 1, 1: 0.2, 2: 0.9, 3: 0.3}"
588,2Xof refined flour - 1,230.0,6.0,40.0,4.0,"{0: 1, 1: 0.2, 2: 0.9, 3: 0.3}"
589,2Xwhole-wheat - 1,204.0,8.0,40.0,2.0,"{0: 1, 1: 0.2, 2: 0.9, 3: 0.3}"
590,2XSpaghetti with meat sauce - 1 cup,570.0,26.0,70.0,20.0,"{0: 1, 1: 0.2, 2: 0.9, 3: 0.3}"
591,2Xwith tomatoes and cheese - 1 cup,420.0,12.0,72.0,10.0,"{0: 1, 1: 0.2, 2: 0.9, 3: 0.3}"
592,2XSpanish rice - 1 cup,434.0,8.0,80.0,8.0,"{0: 1, 1: 0.2, 2: 0.9, 3: 0.3}"
593,2XShredded wheat biscuit - 1,200.0,6.0,46.0,2.0,"{0: 1, 1: 0.2, 2: 0.9, 3: 0.3}"
594,2XWaffles - 1,480.0,16.0,60.0,18.0,"{0: 1, 1: 0.2, 2: 0.9, 3: 0.3}"
595,2XWheat germ - 1 cup,490.0,34.0,68.0,14.0,"{0: 1, 1: 0.2, 2: 0.9, 3: 0.3}"
596,2XWheat-germ cereal toasted - 1 cup,520.0,40.0,72.0,14.0,"{0: 1, 1: 0.2, 2: 0.9, 3: 0.3}"
597,2XWheat meal cereal unrefined - 3/4 cup,206.0,8.0,50.0,2.0,"{0: 1, 1: 0.2, 2: 0.9, 3: 0.3}"
598,"2XWheat, cooked - 3/4 cup",550.0,24.0,70.0,2.0,"{0: 1, 1: 0.2, 2: 0.9, 3: 0.3}"
599,2XBean soups - 1 cup,380.0,16.0,60.0,10.0,"{0: 0.0, 1: 0.1, 2: 0.0, 3: 0.1}"
600,2XBeef soup - 1 cup,200.0,12.0,22.0,8.0,"{0: 0.0, 1: 0.1, 2: 0.0, 3: 0.1}"
601,2XBouillon - 1 cup,48.0,10.0,0.0,0.0,"{0: 0.0, 1: 0.1, 2: 0.0, 3: 0.1}"
602,2Xchicken soup - 1 cup,150.0,8.0,20.0,4.0,"{0: 0.0, 1: 0.1, 2: 0.0, 3: 0.1}"
603,2XClam chowder - 1 cup,170.0,10.0,24.0,4.0,"{0: 0.0, 1: 0.1, 2: 0.0, 3: 0.1}"
604,2XCream soups - 1 cup,400.0,14.0,36.0,24.0,"{0: 0.0, 1: 0.1, 2: 0.0, 3: 0.1}"
605,2XNoodle - 1 cup,230.0,12.0,26.0,8.0,"{0: 0.0, 1: 0.1, 2: 0.0, 3: 0.1}"
606,2XSplit-pea soup - 1 cup,294.0,16.0,50.0,6.0,"{0: 0.0, 1: 0.1, 2: 0.0, 3: 0.1}"
607,2XTomato soup - 1 cup,350.0,12.0,44.0,14.0,"{0: 0.0, 1: 0.1, 2: 0.0, 3: 0.1}"
608,2XVegetable - 1 cup,160.0,8.0,28.0,4.0,"{0: 0.0, 1: 0.1, 2: 0.0, 3: 0.1}"
609,2XApple betty - 1 serving,300.0,2.0,58.0,8.0,"{0: 0, 1: 0.3, 2: 0.1, 3: 0.3}"
610,2XBread pudding - 3/4 cup,748.0,22.0,112.0,24.0,"{0: 0, 1: 0.3, 2: 0.1, 3: 0.3}"
611,2XCakes - 1 slice,220.0,6.0,46.0,0.0,"{0: 0, 1: 0.3, 2: 0.1, 3: 0.3}"
612,2XChocolate fudge - 1 slice,840.0,10.0,140.0,28.0,"{0: 0, 1: 0.3, 2: 0.1, 3: 0.3}"
613,2XCupcake - 1,320.0,6.0,62.0,6.0,"{0: 0, 1: 0.3, 2: 0.1, 3: 0.3}"
614,2XFruit cake - 1 slice,210.0,4.0,34.0,8.0,"{0: 0, 1: 0.3, 2: 0.1, 3: 0.3}"
615,2XGingerbread - 1 slice,360.0,4.0,56.0,14.0,"{0: 0, 1: 0.3, 2: 0.1, 3: 0.3}"
616,"2XPlain, with no icing - 1 slice",360.0,8.0,62.0,10.0,"{0: 0, 1: 0.3, 2: 0.1, 3: 0.3}"
617,2XSponge cake - 1 slice,230.0,6.0,44.0,4.0,"{0: 0, 1: 0.3, 2: 0.1, 3: 0.3}"
618,2XCandy - 5,208.0,0.0,38.0,6.0,"{0: 0, 1: 0.3, 2: 0.1, 3: 0.3}"
619,2XChocolate creams - 2,260.0,0.0,48.0,8.0,"{0: 0, 1: 0.3, 2: 0.1, 3: 0.3}"
620,2XFudge - 2 pieces,740.0,0.0,160.0,24.0,"{0: 0, 1: 0.3, 2: 0.1, 3: 0.3}"
621,2XHard candies - 1 oz.,180.0,0.0,56.0,0.0,"{0: 0, 1: 0.3, 2: 0.1, 3: 0.3}"
622,2XMarshmallows - 5,196.0,2.0,46.0,0.0,"{0: 0, 1: 0.3, 2: 0.1, 3: 0.3}"
623,2XMilk chocolate - 2-oz. bar,580.0,4.0,88.0,12.0,"{0: 0, 1: 0.3, 2: 0.1, 3: 0.3}"
624,2XChocolate syrup - 2 T.,160.0,0.0,44.0,0.0,"{0: 0, 1: 0.3, 2: 0.1, 3: 0.3}"
625,2XDoughnuts - 1,270.0,4.0,34.0,14.0,"{0: 0, 1: 0.3, 2: 0.1, 3: 0.3}"
626,"2XGelatin, made with water - 1 cup",310.0,8.0,72.0,0.0,"{0: 0, 1: 0.3, 2: 0.1, 3: 0.3}"
627,2XHoney - 2 T.,240.0,0.0,60.0,0.0,"{0: 0.0, 1: 0.1, 2: 0.3, 3: 0.1}"
628,2XIce cream - 2 cups,500.0,0.0,0.0,0.0,"{0: 0, 1: 0.3, 2: 0.1, 3: 0.3}"
629,2XIces - 1 cup,234.0,0.0,96.0,0.0,"{0: 0, 1: 0.3, 2: 0.1, 3: 0.3}"
630,2Xpreserves - 1 T.,110.0,0.0,28.0,0.0,"{0: 0.0, 1: 0.1, 2: 0.3, 3: 0.1}"
631,2XJellies - 1 T.,100.0,0.0,26.0,0.0,"{0: 0.0, 1: 0.1, 2: 0.3, 3: 0.1}"
632,2XMolasses - 1 T.,90.0,0.0,22.0,0.0,"{0: 0.0, 1: 0.1, 2: 0.3, 3: 0.1}"
633,2XCane Syrup - 1 T.,100.0,0.0,26.0,0.0,"{0: 0.0, 1: 0.1, 2: 0.3, 3: 0.1}"
634,"2X9"" diam. pie - 1 slice",660.0,6.0,106.0,26.0,"{0: 0, 1: 0.3, 2: 0.1, 3: 0.3}"
635,2XCherry Pie - 1 slice,680.0,6.0,110.0,26.0,"{0: 0, 1: 0.3, 2: 0.1, 3: 0.3}"
636,2XCustard - 1 slice,530.0,14.0,68.0,22.0,"{0: 0, 1: 0.3, 2: 0.1, 3: 0.3}"
637,2XLemon meringue - 1 slice,600.0,8.0,90.0,24.0,"{0: 0, 1: 0.3, 2: 0.1, 3: 0.3}"
638,2XMince - 1 slice,680.0,6.0,124.0,18.0,"{0: 0, 1: 0.3, 2: 0.1, 3: 0.3}"
639,2XPumpkin Pie - 1 slice,530.0,10.0,68.0,24.0,"{0: 0, 1: 0.3, 2: 0.1, 3: 0.3}"
640,2XPuddings Sugar - 1 cup,1540.0,0.0,398.0,0.0,"{0: 0, 1: 0.3, 2: 0.1, 3: 0.3}"
641,2X3 teaspoons sugar - 1 T.,100.0,0.0,24.0,0.0,"{0: 0, 1: 0.3, 2: 0.1, 3: 0.3}"
642,"2XBrown, firm-packed, dark sugar - 1 cup",1630.0,0.0,420.0,0.0,"{0: 0.0, 1: 0.1, 2: 0.3, 3: 0.1}"
643,2XSyrup - 2 T.,200.0,0.0,50.0,0.0,"{0: 0.0, 1: 0.1, 2: 0.3, 3: 0.1}"
644,2Xtable blends sugar - 2 T.,220.0,0.0,58.0,0.0,"{0: 0.0, 1: 0.1, 2: 0.3, 3: 0.1}"
645,2XTapioca cream pudding - 1 cup,670.0,20.0,84.0,20.0,"{0: 0, 1: 0.3, 2: 0.1, 3: 0.3}"
646,2XAlmonds - 1/2 cup,850.0,26.0,26.0,76.0,"{0: 1, 1: 0.2, 2: 0.8, 3: 0.3}"
647,2Xroasted and salted - 1/2 cup,878.0,26.0,26.0,80.0,"{0: 1, 1: 0.2, 2: 0.8, 3: 0.3}"
648,2XBrazil nuts - 1/2 cup,914.0,20.0,14.0,94.0,"{0: 1, 1: 0.2, 2: 0.8, 3: 0.3}"
649,2XCashews - 1/2 cup,784.0,24.0,40.0,64.0,"{0: 1, 1: 0.2, 2: 0.8, 3: 0.3}"
650,2Xcoconut sweetened - 1/2 cup,548.0,2.0,52.0,40.0,"{0: 1, 1: 0.2, 2: 0.8, 3: 0.3}"
651,2XPeanut butter - 1/3 cup,600.0,24.0,18.0,50.0,"{0: 1, 1: 0.2, 2: 0.8, 3: 0.3}"
652,"2XPeanut butter, natural - 1/3 cup",568.0,26.0,16.0,48.0,"{0: 1, 1: 0.2, 2: 0.8, 3: 0.3}"
653,2XPeanuts - 1/3 cup,580.0,26.0,18.0,50.0,"{0: 1, 1: 0.2, 2: 0.8, 3: 0.3}"
654,2XPecans - 1/2 cup,686.0,10.0,14.0,70.0,"{0: 1, 1: 0.2, 2: 0.8, 3: 0.3}"
655,2XSesame seeds - 1/2 cup,560.0,18.0,20.0,48.0,"{0: 1, 1: 0.2, 2: 0.8, 3: 0.3}"
656,2XSunflower seeds - 1/2 cup,560.0,24.0,20.0,52.0,"{0: 1, 1: 0.2, 2: 0.8, 3: 0.3}"
657,2XWalnuts - 1/2 cup,650.0,14.0,16.0,64.0,"{0: 1, 1: 0.2, 2: 0.8, 3: 0.3}"
658,2XBeer - 2 cups,456.0,0.0,16.0,0.0,"{0: 0.0, 1: 0.0, 2: 0.0, 3: 0.1}"
659,2XGin - 1 oz.,140.0,0.0,0.0,0.0,"{0: 0.0, 1: 0.0, 2: 0.0, 3: 0.1}"
660,2XWines - 1/2 cup,328.0,0.0,18.0,0.0,"{0: 0.0, 1: 0.0, 2: 0.0, 3: 0.1}"
661,2XTable (12.2% alcohol) - 1/2 cup,200.0,0.0,10.0,0.0,"{0: 0.0, 1: 0.0, 2: 0.0, 3: 0.1}"
662,2XCarbonated drinks Artificially sweetened - 12 oz.,0.0,0.0,0.0,0.0,"{0: 0.0, 1: 0.0, 2: 0.0, 3: 0.1}"
663,2XClub soda - 12 oz.,0.0,0.0,0.0,0.0,"{0: 0.0, 1: 0.0, 2: 0.0, 3: 0.1}"
664,2XCola drinks - 12 oz.,274.0,0.0,76.0,0.0,"{0: 0.0, 1: 0.0, 2: 0.0, 3: 0.1}"
665,2XFruit-flavored soda - 12 oz.,322.0,0.0,84.0,0.0,"{0: 0.0, 1: 0.0, 2: 0.0, 3: 0.1}"
666,2XGinger ale - 12 oz.,210.0,0.0,56.0,0.0,"{0: 0.0, 1: 0.0, 2: 0.0, 3: 0.1}"
667,2XRoot beer - 12 oz.,280.0,0.0,70.0,0.0,"{0: 0.0, 1: 0.0, 2: 0.0, 3: 0.1}"
668,2XCoffee - 1 cup,6.0,0.0,2.0,0.0,"{0: 0.0, 1: 0.0, 2: 0.0, 3: 0.1}"
669,2XTea - 1 cup,8.0,0.0,2.0,0.0,"{0: 0.0, 1: 0.0, 2: 0.0, 3: 0.1}"
